image_path,message_id,channel_id,detected_object_class_id,detected_object_name,confidence_score,bounding_box_xyxy
C:\Users\hp\Desktop\matos\tenx 10academy\week 7\Shipping a Data Product From Raw Telegram Data to an Analytical API\data\raw\images\2025-07-05\lobelia4cosmetics\18378.jpg,18378,lobelia4cosmetics,12,parking meter,0.36147335171699524,"[76.6455078125, 77.188232421875, 786.5360107421875, 1269.405029296875]"
C:\Users\hp\Desktop\matos\tenx 10academy\week 7\Shipping a Data Product From Raw Telegram Data to an Analytical API\data\raw\images\2025-07-05\lobelia4cosmetics\18381.jpg,18381,lobelia4cosmetics,0,person,0.5185888409614563,"[288.1994323730469, 713.7607421875, 783.0703125, 1222.9151611328125]"
C:\Users\hp\Desktop\matos\tenx 10academy\week 7\Shipping a Data Product From Raw Telegram Data to an Analytical API\data\raw\images\2025-07-05\lobelia4cosmetics\18381.jpg,18381,lobelia4cosmetics,37,surfboard,0.34109634160995483,"[118.677734375, 59.8203125, 1189.0, 1276.85986328125]"
C:\Users\hp\Desktop\matos\tenx 10academy\week 7\Shipping a Data Product From Raw Telegram Data to an Analytical API\data\raw\images\2025-07-05\lobelia4cosmetics\18381.jpg,18381,lobelia4cosmetics,0,person,0.31123027205467224,"[286.00701904296875, 712.85888671875, 628.6111450195312, 1218.7210693359375]"
C:\Users\hp\Desktop\matos\tenx 10academy\week 7\Shipping a Data Product From Raw Telegram Data to an Analytical API\data\raw\images\2025-07-05\lobelia4cosmetics\18381.jpg,18381,lobelia4cosmetics,0,person,0.3106665313243866,"[412.00152587890625, 874.4669189453125, 785.8942260742188, 1222.9483642578125]"
C:\Users\hp\Desktop\matos\tenx 10academy\week 7\Shipping a Data Product From Raw Telegram Data to an Analytical API\data\raw\images\2025-07-05\lobelia4cosmetics\18383.jpg,18383,lobelia4cosmetics,41,cup,0.3953271806240082,"[140.82952880859375, 316.704345703125, 776.4070434570312, 1231.033203125]"
C:\Users\hp\Desktop\matos\tenx 10academy\week 7\Shipping a Data Product From Raw Telegram Data to an Analytical API\data\raw\images\2025-07-05\lobelia4cosmetics\18383.jpg,18383,lobelia4cosmetics,52,hot dog,0.2594756484031677,"[260.45599365234375, 70.56930541992188, 377.39959716796875, 183.46905517578125]"
C:\Users\hp\Desktop\matos\tenx 10academy\week 7\Shipping a Data Product From Raw Telegram Data to an Analytical API\data\raw\images\2025-07-05\lobelia4cosmetics\18386.jpg,18386,lobelia4cosmetics,39,bottle,0.5184615254402161,"[99.3673095703125, 49.471923828125, 606.62109375, 1274.590087890625]"
C:\Users\hp\Desktop\matos\tenx 10academy\week 7\Shipping a Data Product From Raw Telegram Data to an Analytical API\data\raw\images\2025-07-05\lobelia4cosmetics\18389.jpg,18389,lobelia4cosmetics,39,bottle,0.9278404116630554,"[214.83438110351562, 172.9500732421875, 604.7655029296875, 1105.318603515625]"
C:\Users\hp\Desktop\matos\tenx 10academy\week 7\Shipping a Data Product From Raw Telegram Data to an Analytical API\data\raw\images\2025-07-05\lobelia4cosmetics\18389.jpg,18389,lobelia4cosmetics,39,bottle,0.38874974846839905,"[161.035400390625, 11.916473388671875, 234.15936279296875, 176.04916381835938]"
C:\Users\hp\Desktop\matos\tenx 10academy\week 7\Shipping a Data Product From Raw Telegram Data to an Analytical API\data\raw\images\2025-07-05\lobelia4cosmetics\18390.jpg,18390,lobelia4cosmetics,39,bottle,0.9530306458473206,"[272.2961730957031, 80.551513671875, 681.630859375, 1148.634521484375]"
C:\Users\hp\Desktop\matos\tenx 10academy\week 7\Shipping a Data Product From Raw Telegram Data to an Analytical API\data\raw\images\2025-07-05\lobelia4cosmetics\18390.jpg,18390,lobelia4cosmetics,39,bottle,0.3579406440258026,"[157.99664306640625, 4.4221343994140625, 230.92083740234375, 163.717529296875]"
C:\Users\hp\Desktop\matos\tenx 10academy\week 7\Shipping a Data Product From Raw Telegram Data to an Analytical API\data\raw\images\2025-07-05\lobelia4cosmetics\18391.jpg,18391,lobelia4cosmetics,39,bottle,0.881782054901123,"[240.02197265625, 78.352294921875, 647.648681640625, 1112.93505859375]"
C:\Users\hp\Desktop\matos\tenx 10academy\week 7\Shipping a Data Product From Raw Telegram Data to an Analytical API\data\raw\images\2025-07-05\lobelia4cosmetics\18392.jpg,18392,lobelia4cosmetics,39,bottle,0.7983744144439697,"[246.14208984375, 164.77001953125, 645.2601318359375, 1115.890380859375]"
C:\Users\hp\Desktop\matos\tenx 10academy\week 7\Shipping a Data Product From Raw Telegram Data to an Analytical API\data\raw\images\2025-07-05\lobelia4cosmetics\18392.jpg,18392,lobelia4cosmetics,39,bottle,0.4811692237854004,"[36.2227783203125, 20.844329833984375, 130.42327880859375, 245.07315063476562]"
C:\Users\hp\Desktop\matos\tenx 10academy\week 7\Shipping a Data Product From Raw Telegram Data to an Analytical API\data\raw\images\2025-07-05\lobelia4cosmetics\18392.jpg,18392,lobelia4cosmetics,39,bottle,0.34683021903038025,"[194.4876708984375, 36.385009765625, 277.10498046875, 233.37057495117188]"
C:\Users\hp\Desktop\matos\tenx 10academy\week 7\Shipping a Data Product From Raw Telegram Data to an Analytical API\data\raw\images\2025-07-05\lobelia4cosmetics\18392.jpg,18392,lobelia4cosmetics,39,bottle,0.32753869891166687,"[125.566162109375, 26.89849853515625, 198.6429443359375, 224.7413330078125]"
C:\Users\hp\Desktop\matos\tenx 10academy\week 7\Shipping a Data Product From Raw Telegram Data to an Analytical API\data\raw\images\2025-07-05\lobelia4cosmetics\18393.jpg,18393,lobelia4cosmetics,39,bottle,0.7491163015365601,"[191.6993408203125, 185.090576171875, 535.1748046875, 1231.4873046875]"
C:\Users\hp\Desktop\matos\tenx 10academy\week 7\Shipping a Data Product From Raw Telegram Data to an Analytical API\data\raw\images\2025-07-05\lobelia4cosmetics\18393.jpg,18393,lobelia4cosmetics,39,bottle,0.42876893281936646,"[596.4520263671875, 0.0119171142578125, 684.877197265625, 187.66612243652344]"
C:\Users\hp\Desktop\matos\tenx 10academy\week 7\Shipping a Data Product From Raw Telegram Data to an Analytical API\data\raw\images\2025-07-05\lobelia4cosmetics\18393.jpg,18393,lobelia4cosmetics,39,bottle,0.42136043310165405,"[440.74609375, 0.1925201416015625, 540.11279296875, 201.16258239746094]"
C:\Users\hp\Desktop\matos\tenx 10academy\week 7\Shipping a Data Product From Raw Telegram Data to an Analytical API\data\raw\images\2025-07-05\lobelia4cosmetics\18393.jpg,18393,lobelia4cosmetics,39,bottle,0.40551209449768066,"[310.01666259765625, 7.542205810546875, 385.5294189453125, 175.12493896484375]"
C:\Users\hp\Desktop\matos\tenx 10academy\week 7\Shipping a Data Product From Raw Telegram Data to an Analytical API\data\raw\images\2025-07-05\lobelia4cosmetics\18393.jpg,18393,lobelia4cosmetics,39,bottle,0.350585013628006,"[381.271484375, 3.2739410400390625, 448.58203125, 174.5840606689453]"
C:\Users\hp\Desktop\matos\tenx 10academy\week 7\Shipping a Data Product From Raw Telegram Data to an Analytical API\data\raw\images\2025-07-05\lobelia4cosmetics\18394.jpg,18394,lobelia4cosmetics,41,cup,0.5701938271522522,"[75.15776062011719, 172.2713623046875, 483.66290283203125, 1231.6392822265625]"
C:\Users\hp\Desktop\matos\tenx 10academy\week 7\Shipping a Data Product From Raw Telegram Data to an Analytical API\data\raw\images\2025-07-05\lobelia4cosmetics\18395.jpg,18395,lobelia4cosmetics,39,bottle,0.9365288615226746,"[229.8837890625, 69.40771484375, 632.9027099609375, 1262.582763671875]"
C:\Users\hp\Desktop\matos\tenx 10academy\week 7\Shipping a Data Product From Raw Telegram Data to an Analytical API\data\raw\images\2025-07-05\lobelia4cosmetics\18395.jpg,18395,lobelia4cosmetics,61,toilet,0.4031291902065277,"[724.790283203125, 814.021484375, 959.62255859375, 1279.16650390625]"
C:\Users\hp\Desktop\matos\tenx 10academy\week 7\Shipping a Data Product From Raw Telegram Data to an Analytical API\data\raw\images\2025-07-05\lobelia4cosmetics\18397.jpg,18397,lobelia4cosmetics,39,bottle,0.2773187458515167,"[270.01031494140625, 397.9740905761719, 744.3445434570312, 1277.0322265625]"
C:\Users\hp\Desktop\matos\tenx 10academy\week 7\Shipping a Data Product From Raw Telegram Data to an Analytical API\data\raw\images\2025-07-05\lobelia4cosmetics\18397.jpg,18397,lobelia4cosmetics,49,orange,0.26728513836860657,"[733.561767578125, 417.77508544921875, 960.0, 571.400390625]"
C:\Users\hp\Desktop\matos\tenx 10academy\week 7\Shipping a Data Product From Raw Telegram Data to an Analytical API\data\raw\images\2025-07-05\lobelia4cosmetics\18399.jpg,18399,lobelia4cosmetics,39,bottle,0.4264157712459564,"[247.390869140625, 0.0, 761.313232421875, 1280.0]"
C:\Users\hp\Desktop\matos\tenx 10academy\week 7\Shipping a Data Product From Raw Telegram Data to an Analytical API\data\raw\images\2025-07-06\lobelia4cosmetics\18400.jpg,18400,lobelia4cosmetics,39,bottle,0.5791763663291931,"[158.8509063720703, 6.463339805603027, 516.116943359375, 668.5074462890625]"
C:\Users\hp\Desktop\matos\tenx 10academy\week 7\Shipping a Data Product From Raw Telegram Data to an Analytical API\data\raw\images\2025-07-06\lobelia4cosmetics\18402.jpg,18402,lobelia4cosmetics,39,bottle,0.6537620425224304,"[98.20516204833984, 0.0, 353.7948913574219, 585.6158447265625]"
C:\Users\hp\Desktop\matos\tenx 10academy\week 7\Shipping a Data Product From Raw Telegram Data to an Analytical API\data\raw\images\2025-07-06\lobelia4cosmetics\18404.jpg,18404,lobelia4cosmetics,0,person,0.4068538248538971,"[182.12451171875, 363.93804931640625, 306.71710205078125, 525.449462890625]"
C:\Users\hp\Desktop\matos\tenx 10academy\week 7\Shipping a Data Product From Raw Telegram Data to an Analytical API\data\raw\images\2025-07-06\lobelia4cosmetics\18406.jpg,18406,lobelia4cosmetics,39,bottle,0.6869127750396729,"[256.9072265625, 36.983154296875, 708.5888671875, 1238.16943359375]"
C:\Users\hp\Desktop\matos\tenx 10academy\week 7\Shipping a Data Product From Raw Telegram Data to an Analytical API\data\raw\images\2025-07-06\lobelia4cosmetics\18407.jpg,18407,lobelia4cosmetics,39,bottle,0.8489181995391846,"[249.81878662109375, 38.364013671875, 688.9873657226562, 1162.70166015625]"
C:\Users\hp\Desktop\matos\tenx 10academy\week 7\Shipping a Data Product From Raw Telegram Data to an Analytical API\data\raw\images\2025-07-06\lobelia4cosmetics\18409.jpg,18409,lobelia4cosmetics,39,bottle,0.4302796423435211,"[117.33164978027344, 1.805216908454895, 449.3519287109375, 546.515625]"
C:\Users\hp\Desktop\matos\tenx 10academy\week 7\Shipping a Data Product From Raw Telegram Data to an Analytical API\data\raw\images\2025-07-06\lobelia4cosmetics\18409.jpg,18409,lobelia4cosmetics,39,bottle,0.2520699203014374,"[115.91838073730469, 2.5087485313415527, 283.65655517578125, 545.6304321289062]"
C:\Users\hp\Desktop\matos\tenx 10academy\week 7\Shipping a Data Product From Raw Telegram Data to an Analytical API\data\raw\images\2025-07-06\lobelia4cosmetics\18410.jpg,18410,lobelia4cosmetics,72,refrigerator,0.2542307674884796,"[26.63724136352539, 20.989896774291992, 447.4820251464844, 569.6842041015625]"
C:\Users\hp\Desktop\matos\tenx 10academy\week 7\Shipping a Data Product From Raw Telegram Data to an Analytical API\data\raw\images\2025-07-06\lobelia4cosmetics\18412.jpg,18412,lobelia4cosmetics,41,cup,0.3908514976501465,"[134.5258026123047, 26.157682418823242, 425.15057373046875, 554.0]"
C:\Users\hp\Desktop\matos\tenx 10academy\week 7\Shipping a Data Product From Raw Telegram Data to an Analytical API\data\raw\images\2025-07-06\lobelia4cosmetics\18414.jpg,18414,lobelia4cosmetics,39,bottle,0.30643773078918457,"[99.2536392211914, 171.90957641601562, 267.77880859375, 609.9237060546875]"
C:\Users\hp\Desktop\matos\tenx 10academy\week 7\Shipping a Data Product From Raw Telegram Data to an Analytical API\data\raw\images\2025-07-06\lobelia4cosmetics\18414.jpg,18414,lobelia4cosmetics,73,book,0.2673909366130829,"[290.2837829589844, 12.791767120361328, 531.7767333984375, 623.268310546875]"
C:\Users\hp\Desktop\matos\tenx 10academy\week 7\Shipping a Data Product From Raw Telegram Data to an Analytical API\data\raw\images\2025-07-06\lobelia4cosmetics\18416.jpg,18416,lobelia4cosmetics,39,bottle,0.8127725720405579,"[68.43668365478516, 125.41954803466797, 207.61529541015625, 508.54547119140625]"
C:\Users\hp\Desktop\matos\tenx 10academy\week 7\Shipping a Data Product From Raw Telegram Data to an Analytical API\data\raw\images\2025-07-06\lobelia4cosmetics\18418.jpg,18418,lobelia4cosmetics,0,person,0.5464906096458435,"[325.2574157714844, 263.10321044921875, 466.4068298339844, 492.80853271484375]"
C:\Users\hp\Desktop\matos\tenx 10academy\week 7\Shipping a Data Product From Raw Telegram Data to an Analytical API\data\raw\images\2025-07-06\lobelia4cosmetics\18420.jpg,18420,lobelia4cosmetics,39,bottle,0.8137025237083435,"[300.0122985839844, 101.3681640625, 722.2005615234375, 1224.135498046875]"
C:\Users\hp\Desktop\matos\tenx 10academy\week 7\Shipping a Data Product From Raw Telegram Data to an Analytical API\data\raw\images\2025-07-07\lobelia4cosmetics\18421.jpg,18421,lobelia4cosmetics,74,clock,0.31164348125457764,"[86.95663452148438, 81.82901000976562, 223.09454345703125, 177.5467529296875]"
C:\Users\hp\Desktop\matos\tenx 10academy\week 7\Shipping a Data Product From Raw Telegram Data to an Analytical API\data\raw\images\2025-07-07\lobelia4cosmetics\18424.jpg,18424,lobelia4cosmetics,74,clock,0.3572627604007721,"[125.06097412109375, 30.972976684570312, 690.1370849609375, 785.45263671875]"
C:\Users\hp\Desktop\matos\tenx 10academy\week 7\Shipping a Data Product From Raw Telegram Data to an Analytical API\data\raw\images\2025-07-07\lobelia4cosmetics\18426.jpg,18426,lobelia4cosmetics,0,person,0.5185888409614563,"[288.1994323730469, 713.7607421875, 783.0703125, 1222.9151611328125]"
C:\Users\hp\Desktop\matos\tenx 10academy\week 7\Shipping a Data Product From Raw Telegram Data to an Analytical API\data\raw\images\2025-07-07\lobelia4cosmetics\18426.jpg,18426,lobelia4cosmetics,37,surfboard,0.34109634160995483,"[118.677734375, 59.8203125, 1189.0, 1276.85986328125]"
C:\Users\hp\Desktop\matos\tenx 10academy\week 7\Shipping a Data Product From Raw Telegram Data to an Analytical API\data\raw\images\2025-07-07\lobelia4cosmetics\18426.jpg,18426,lobelia4cosmetics,0,person,0.31123027205467224,"[286.00701904296875, 712.85888671875, 628.6111450195312, 1218.7210693359375]"
C:\Users\hp\Desktop\matos\tenx 10academy\week 7\Shipping a Data Product From Raw Telegram Data to an Analytical API\data\raw\images\2025-07-07\lobelia4cosmetics\18426.jpg,18426,lobelia4cosmetics,0,person,0.3106665313243866,"[412.00152587890625, 874.4669189453125, 785.8942260742188, 1222.9483642578125]"
C:\Users\hp\Desktop\matos\tenx 10academy\week 7\Shipping a Data Product From Raw Telegram Data to an Analytical API\data\raw\images\2025-07-07\lobelia4cosmetics\18428.jpg,18428,lobelia4cosmetics,11,stop sign,0.45785507559776306,"[16.356964111328125, 13.495979309082031, 262.6202392578125, 387.2282409667969]"
C:\Users\hp\Desktop\matos\tenx 10academy\week 7\Shipping a Data Product From Raw Telegram Data to an Analytical API\data\raw\images\2025-07-07\lobelia4cosmetics\18431.jpg,18431,lobelia4cosmetics,76,scissors,0.3376501798629761,"[150.01043701171875, 4.622314453125, 236.50372314453125, 293.42291259765625]"
C:\Users\hp\Desktop\matos\tenx 10academy\week 7\Shipping a Data Product From Raw Telegram Data to an Analytical API\data\raw\images\2025-07-07\lobelia4cosmetics\18431.jpg,18431,lobelia4cosmetics,65,remote,0.3167746663093567,"[80.2586669921875, 4.635498046875, 226.516357421875, 311.71435546875]"
C:\Users\hp\Desktop\matos\tenx 10academy\week 7\Shipping a Data Product From Raw Telegram Data to an Analytical API\data\raw\images\2025-07-07\lobelia4cosmetics\18435.jpg,18435,lobelia4cosmetics,39,bottle,0.8049418330192566,"[141.56399536132812, 24.941587448120117, 363.4849548339844, 453.5033874511719]"
C:\Users\hp\Desktop\matos\tenx 10academy\week 7\Shipping a Data Product From Raw Telegram Data to an Analytical API\data\raw\images\2025-07-07\lobelia4cosmetics\18436.jpg,18436,lobelia4cosmetics,39,bottle,0.47511228919029236,"[151.95941162109375, 26.680681228637695, 402.515869140625, 528.0278930664062]"
C:\Users\hp\Desktop\matos\tenx 10academy\week 7\Shipping a Data Product From Raw Telegram Data to an Analytical API\data\raw\images\2025-07-08\lobelia4cosmetics\18440.jpg,18440,lobelia4cosmetics,39,bottle,0.4572097957134247,"[170.24078369140625, 7.042240142822266, 508.7655029296875, 672.170166015625]"
C:\Users\hp\Desktop\matos\tenx 10academy\week 7\Shipping a Data Product From Raw Telegram Data to an Analytical API\data\raw\images\2025-07-08\lobelia4cosmetics\18442.jpg,18442,lobelia4cosmetics,73,book,0.4435158967971802,"[80.14434814453125, 67.45773315429688, 459.058837890625, 740.4412841796875]"
C:\Users\hp\Desktop\matos\tenx 10academy\week 7\Shipping a Data Product From Raw Telegram Data to an Analytical API\data\raw\images\2025-07-08\lobelia4cosmetics\18442.jpg,18442,lobelia4cosmetics,49,orange,0.43295425176620483,"[89.9352035522461, 143.01437377929688, 441.62786865234375, 285.0746765136719]"
C:\Users\hp\Desktop\matos\tenx 10academy\week 7\Shipping a Data Product From Raw Telegram Data to an Analytical API\data\raw\images\2025-07-08\lobelia4cosmetics\18443.jpg,18443,lobelia4cosmetics,41,cup,0.3953271806240082,"[140.82952880859375, 316.704345703125, 776.4070434570312, 1231.033203125]"
C:\Users\hp\Desktop\matos\tenx 10academy\week 7\Shipping a Data Product From Raw Telegram Data to an Analytical API\data\raw\images\2025-07-08\lobelia4cosmetics\18443.jpg,18443,lobelia4cosmetics,52,hot dog,0.2594756484031677,"[260.45599365234375, 70.56930541992188, 377.39959716796875, 183.46905517578125]"
C:\Users\hp\Desktop\matos\tenx 10academy\week 7\Shipping a Data Product From Raw Telegram Data to an Analytical API\data\raw\images\2025-07-08\lobelia4cosmetics\18446.jpg,18446,lobelia4cosmetics,39,bottle,0.47511228919029236,"[151.95941162109375, 26.680681228637695, 402.515869140625, 528.0278930664062]"
C:\Users\hp\Desktop\matos\tenx 10academy\week 7\Shipping a Data Product From Raw Telegram Data to an Analytical API\data\raw\images\2025-07-08\lobelia4cosmetics\18448.jpg,18448,lobelia4cosmetics,39,bottle,0.5791763663291931,"[158.8509063720703, 6.463339805603027, 516.116943359375, 668.5074462890625]"
C:\Users\hp\Desktop\matos\tenx 10academy\week 7\Shipping a Data Product From Raw Telegram Data to an Analytical API\data\raw\images\2025-07-08\lobelia4cosmetics\18450.jpg,18450,lobelia4cosmetics,39,bottle,0.46267056465148926,"[148.68212890625, 22.12389373779297, 404.2507629394531, 535.327392578125]"
C:\Users\hp\Desktop\matos\tenx 10academy\week 7\Shipping a Data Product From Raw Telegram Data to an Analytical API\data\raw\images\2025-07-08\lobelia4cosmetics\18452.jpg,18452,lobelia4cosmetics,39,bottle,0.8049418330192566,"[141.56399536132812, 24.941587448120117, 363.4849548339844, 453.5033874511719]"
C:\Users\hp\Desktop\matos\tenx 10academy\week 7\Shipping a Data Product From Raw Telegram Data to an Analytical API\data\raw\images\2025-07-08\lobelia4cosmetics\18454.jpg,18454,lobelia4cosmetics,39,bottle,0.9278404116630554,"[214.83438110351562, 172.9500732421875, 604.7655029296875, 1105.318603515625]"
C:\Users\hp\Desktop\matos\tenx 10academy\week 7\Shipping a Data Product From Raw Telegram Data to an Analytical API\data\raw\images\2025-07-08\lobelia4cosmetics\18454.jpg,18454,lobelia4cosmetics,39,bottle,0.38874974846839905,"[161.035400390625, 11.916473388671875, 234.15936279296875, 176.04916381835938]"
C:\Users\hp\Desktop\matos\tenx 10academy\week 7\Shipping a Data Product From Raw Telegram Data to an Analytical API\data\raw\images\2025-07-08\lobelia4cosmetics\18455.jpg,18455,lobelia4cosmetics,39,bottle,0.9530306458473206,"[272.2961730957031, 80.551513671875, 681.630859375, 1148.634521484375]"
C:\Users\hp\Desktop\matos\tenx 10academy\week 7\Shipping a Data Product From Raw Telegram Data to an Analytical API\data\raw\images\2025-07-08\lobelia4cosmetics\18455.jpg,18455,lobelia4cosmetics,39,bottle,0.3579406440258026,"[157.99664306640625, 4.4221343994140625, 230.92083740234375, 163.717529296875]"
C:\Users\hp\Desktop\matos\tenx 10academy\week 7\Shipping a Data Product From Raw Telegram Data to an Analytical API\data\raw\images\2025-07-08\lobelia4cosmetics\18456.jpg,18456,lobelia4cosmetics,39,bottle,0.881782054901123,"[240.02197265625, 78.352294921875, 647.648681640625, 1112.93505859375]"
C:\Users\hp\Desktop\matos\tenx 10academy\week 7\Shipping a Data Product From Raw Telegram Data to an Analytical API\data\raw\images\2025-07-08\lobelia4cosmetics\18457.jpg,18457,lobelia4cosmetics,39,bottle,0.7983744144439697,"[246.14208984375, 164.77001953125, 645.2601318359375, 1115.890380859375]"
C:\Users\hp\Desktop\matos\tenx 10academy\week 7\Shipping a Data Product From Raw Telegram Data to an Analytical API\data\raw\images\2025-07-08\lobelia4cosmetics\18457.jpg,18457,lobelia4cosmetics,39,bottle,0.4811692237854004,"[36.2227783203125, 20.844329833984375, 130.42327880859375, 245.07315063476562]"
C:\Users\hp\Desktop\matos\tenx 10academy\week 7\Shipping a Data Product From Raw Telegram Data to an Analytical API\data\raw\images\2025-07-08\lobelia4cosmetics\18457.jpg,18457,lobelia4cosmetics,39,bottle,0.34683021903038025,"[194.4876708984375, 36.385009765625, 277.10498046875, 233.37057495117188]"
C:\Users\hp\Desktop\matos\tenx 10academy\week 7\Shipping a Data Product From Raw Telegram Data to an Analytical API\data\raw\images\2025-07-08\lobelia4cosmetics\18457.jpg,18457,lobelia4cosmetics,39,bottle,0.32753869891166687,"[125.566162109375, 26.89849853515625, 198.6429443359375, 224.7413330078125]"
C:\Users\hp\Desktop\matos\tenx 10academy\week 7\Shipping a Data Product From Raw Telegram Data to an Analytical API\data\raw\images\2025-07-08\lobelia4cosmetics\18458.jpg,18458,lobelia4cosmetics,39,bottle,0.749116063117981,"[191.6993408203125, 185.090576171875, 535.1748046875, 1231.4873046875]"
C:\Users\hp\Desktop\matos\tenx 10academy\week 7\Shipping a Data Product From Raw Telegram Data to an Analytical API\data\raw\images\2025-07-08\lobelia4cosmetics\18458.jpg,18458,lobelia4cosmetics,39,bottle,0.4287688434123993,"[596.451904296875, 0.0119171142578125, 684.877197265625, 187.66612243652344]"
C:\Users\hp\Desktop\matos\tenx 10academy\week 7\Shipping a Data Product From Raw Telegram Data to an Analytical API\data\raw\images\2025-07-08\lobelia4cosmetics\18458.jpg,18458,lobelia4cosmetics,39,bottle,0.421360582113266,"[440.74609375, 0.1925048828125, 540.11279296875, 201.16258239746094]"
C:\Users\hp\Desktop\matos\tenx 10academy\week 7\Shipping a Data Product From Raw Telegram Data to an Analytical API\data\raw\images\2025-07-08\lobelia4cosmetics\18458.jpg,18458,lobelia4cosmetics,39,bottle,0.405511736869812,"[310.01666259765625, 7.5422210693359375, 385.5294189453125, 175.1249542236328]"
C:\Users\hp\Desktop\matos\tenx 10academy\week 7\Shipping a Data Product From Raw Telegram Data to an Analytical API\data\raw\images\2025-07-08\lobelia4cosmetics\18458.jpg,18458,lobelia4cosmetics,39,bottle,0.35058456659317017,"[381.271484375, 3.2739410400390625, 448.58203125, 174.5840606689453]"
C:\Users\hp\Desktop\matos\tenx 10academy\week 7\Shipping a Data Product From Raw Telegram Data to an Analytical API\data\raw\images\2025-07-08\lobelia4cosmetics\18459.jpg,18459,lobelia4cosmetics,41,cup,0.5701938271522522,"[75.15776062011719, 172.2713623046875, 483.66290283203125, 1231.6392822265625]"
C:\Users\hp\Desktop\matos\tenx 10academy\week 7\Shipping a Data Product From Raw Telegram Data to an Analytical API\data\raw\images\2025-07-08\lobelia4cosmetics\18460.jpg,18460,lobelia4cosmetics,39,bottle,0.9365288615226746,"[229.8837890625, 69.40771484375, 632.9027099609375, 1262.582763671875]"
C:\Users\hp\Desktop\matos\tenx 10academy\week 7\Shipping a Data Product From Raw Telegram Data to an Analytical API\data\raw\images\2025-07-08\lobelia4cosmetics\18460.jpg,18460,lobelia4cosmetics,61,toilet,0.4031291902065277,"[724.790283203125, 814.021484375, 959.62255859375, 1279.16650390625]"
C:\Users\hp\Desktop\matos\tenx 10academy\week 7\Shipping a Data Product From Raw Telegram Data to an Analytical API\data\raw\images\2025-07-08\lobelia4cosmetics\18462.jpg,18462,lobelia4cosmetics,39,bottle,0.2773187458515167,"[270.01031494140625, 397.9740905761719, 744.3445434570312, 1277.0322265625]"
C:\Users\hp\Desktop\matos\tenx 10academy\week 7\Shipping a Data Product From Raw Telegram Data to an Analytical API\data\raw\images\2025-07-08\lobelia4cosmetics\18462.jpg,18462,lobelia4cosmetics,49,orange,0.26728513836860657,"[733.561767578125, 417.77508544921875, 960.0, 571.400390625]"
C:\Users\hp\Desktop\matos\tenx 10academy\week 7\Shipping a Data Product From Raw Telegram Data to an Analytical API\data\raw\images\2025-07-08\lobelia4cosmetics\18464.jpg,18464,lobelia4cosmetics,39,bottle,0.4264157712459564,"[247.390869140625, 0.0, 761.313232421875, 1280.0]"
C:\Users\hp\Desktop\matos\tenx 10academy\week 7\Shipping a Data Product From Raw Telegram Data to an Analytical API\data\raw\images\2025-07-08\tikvahpharma\172059.jpg,172059,tikvahpharma,0,person,0.8230718970298767,"[572.638671875, 97.48123931884766, 1065.817138671875, 638.05419921875]"
C:\Users\hp\Desktop\matos\tenx 10academy\week 7\Shipping a Data Product From Raw Telegram Data to an Analytical API\data\raw\images\2025-07-08\tikvahpharma\172059.jpg,172059,tikvahpharma,31,snowboard,0.2582496106624603,"[591.5354614257812, 851.5177001953125, 972.8265380859375, 974.2662353515625]"
C:\Users\hp\Desktop\matos\tenx 10academy\week 7\Shipping a Data Product From Raw Telegram Data to an Analytical API\data\raw\images\2025-07-08\tikvahpharma\172067.jpg,172067,tikvahpharma,64,mouse,0.3952833414077759,"[99.72267150878906, 165.98486328125, 171.87327575683594, 236.55831909179688]"
C:\Users\hp\Desktop\matos\tenx 10academy\week 7\Shipping a Data Product From Raw Telegram Data to an Analytical API\data\raw\images\2025-07-08\tikvahpharma\172071.jpg,172071,tikvahpharma,67,cell phone,0.38068434596061707,"[300.51861572265625, 412.3592224121094, 544.5181274414062, 777.8282470703125]"
C:\Users\hp\Desktop\matos\tenx 10academy\week 7\Shipping a Data Product From Raw Telegram Data to an Analytical API\data\raw\images\2025-07-08\tikvahpharma\172071.jpg,172071,tikvahpharma,0,person,0.2630596160888672,"[139.9365234375, 600.3347778320312, 241.9625244140625, 740.6862182617188]"
C:\Users\hp\Desktop\matos\tenx 10academy\week 7\Shipping a Data Product From Raw Telegram Data to an Analytical API\data\raw\images\2025-07-08\tikvahpharma\172077.jpg,172077,tikvahpharma,0,person,0.8580020666122437,"[289.149169921875, 295.14300537109375, 423.97442626953125, 476.5850524902344]"
C:\Users\hp\Desktop\matos\tenx 10academy\week 7\Shipping a Data Product From Raw Telegram Data to an Analytical API\data\raw\images\2025-07-08\tikvahpharma\172077.jpg,172077,tikvahpharma,0,person,0.7146090269088745,"[162.6940460205078, 86.1787109375, 840.3553466796875, 1024.0]"
C:\Users\hp\Desktop\matos\tenx 10academy\week 7\Shipping a Data Product From Raw Telegram Data to an Analytical API\data\raw\images\2025-07-08\tikvahpharma\172077.jpg,172077,tikvahpharma,0,person,0.5817897915840149,"[686.3060302734375, 274.98291015625, 849.1574096679688, 901.8552856445312]"
C:\Users\hp\Desktop\matos\tenx 10academy\week 7\Shipping a Data Product From Raw Telegram Data to an Analytical API\data\raw\images\2025-07-08\tikvahpharma\172077.jpg,172077,tikvahpharma,0,person,0.5693687796592712,"[147.9403839111328, 342.81756591796875, 297.74737548828125, 573.7169189453125]"
C:\Users\hp\Desktop\matos\tenx 10academy\week 7\Shipping a Data Product From Raw Telegram Data to an Analytical API\data\raw\images\2025-07-08\tikvahpharma\172077.jpg,172077,tikvahpharma,0,person,0.39223769307136536,"[173.41172790527344, 343.28399658203125, 298.9697265625, 531.1013793945312]"
C:\Users\hp\Desktop\matos\tenx 10academy\week 7\Shipping a Data Product From Raw Telegram Data to an Analytical API\data\raw\images\2025-07-08\tikvahpharma\172077.jpg,172077,tikvahpharma,67,cell phone,0.30757108330726624,"[823.9468994140625, 366.614990234375, 852.1541137695312, 398.098876953125]"
C:\Users\hp\Desktop\matos\tenx 10academy\week 7\Shipping a Data Product From Raw Telegram Data to an Analytical API\data\raw\images\2025-07-08\tikvahpharma\172077.jpg,172077,tikvahpharma,0,person,0.25199809670448303,"[688.7628784179688, 271.244384765625, 846.8499755859375, 544.598876953125]"
C:\Users\hp\Desktop\matos\tenx 10academy\week 7\Shipping a Data Product From Raw Telegram Data to an Analytical API\data\raw\images\2025-07-09\lobelia4cosmetics\18466.jpg,18466,lobelia4cosmetics,67,cell phone,0.5484079122543335,"[165.7634735107422, 41.875030517578125, 401.69647216796875, 505.51263427734375]"
C:\Users\hp\Desktop\matos\tenx 10academy\week 7\Shipping a Data Product From Raw Telegram Data to an Analytical API\data\raw\images\2025-07-09\lobelia4cosmetics\18467.jpg,18467,lobelia4cosmetics,73,book,0.2753829061985016,"[204.39111328125, 73.2872314453125, 930.000244140625, 1277.373779296875]"
C:\Users\hp\Desktop\matos\tenx 10academy\week 7\Shipping a Data Product From Raw Telegram Data to an Analytical API\data\raw\images\2025-07-09\lobelia4cosmetics\18468.jpg,18468,lobelia4cosmetics,39,bottle,0.6550652384757996,"[284.42718505859375, 22.8046875, 636.9114379882812, 1185.333251953125]"
C:\Users\hp\Desktop\matos\tenx 10academy\week 7\Shipping a Data Product From Raw Telegram Data to an Analytical API\data\raw\images\2025-07-09\lobelia4cosmetics\18468.jpg,18468,lobelia4cosmetics,62,tv,0.40742745995521545,"[754.950927734375, 158.41500854492188, 918.0, 323.1595764160156]"
C:\Users\hp\Desktop\matos\tenx 10academy\week 7\Shipping a Data Product From Raw Telegram Data to an Analytical API\data\raw\images\2025-07-09\lobelia4cosmetics\18474.jpg,18474,lobelia4cosmetics,39,bottle,0.7121489644050598,"[145.69000244140625, 8.162384033203125, 406.0148620605469, 769.3882446289062]"
C:\Users\hp\Desktop\matos\tenx 10academy\week 7\Shipping a Data Product From Raw Telegram Data to an Analytical API\data\raw\images\2025-07-09\lobelia4cosmetics\18474.jpg,18474,lobelia4cosmetics,75,vase,0.4135073721408844,"[143.845458984375, 14.632644653320312, 404.5216979980469, 776.740966796875]"
C:\Users\hp\Desktop\matos\tenx 10academy\week 7\Shipping a Data Product From Raw Telegram Data to an Analytical API\data\raw\images\2025-07-09\lobelia4cosmetics\18475.jpg,18475,lobelia4cosmetics,0,person,0.5572348833084106,"[335.94598388671875, 335.1064453125, 562.8536987304688, 699.952880859375]"
C:\Users\hp\Desktop\matos\tenx 10academy\week 7\Shipping a Data Product From Raw Telegram Data to an Analytical API\data\raw\images\2025-07-09\lobelia4cosmetics\18476.jpg,18476,lobelia4cosmetics,76,scissors,0.7167454957962036,"[36.021331787109375, 306.6386413574219, 451.9754333496094, 1054.23193359375]"
C:\Users\hp\Desktop\matos\tenx 10academy\week 7\Shipping a Data Product From Raw Telegram Data to an Analytical API\data\raw\images\2025-07-09\lobelia4cosmetics\18476.jpg,18476,lobelia4cosmetics,74,clock,0.32637301087379456,"[372.3416748046875, 397.1690673828125, 1227.0821533203125, 869.5433349609375]"
C:\Users\hp\Desktop\matos\tenx 10academy\week 7\Shipping a Data Product From Raw Telegram Data to an Analytical API\data\raw\images\2025-07-09\lobelia4cosmetics\18476.jpg,18476,lobelia4cosmetics,74,clock,0.2616102397441864,"[244.6905517578125, 281.3107604980469, 1209.56689453125, 929.72119140625]"
C:\Users\hp\Desktop\matos\tenx 10academy\week 7\Shipping a Data Product From Raw Telegram Data to an Analytical API\data\raw\images\2025-07-09\lobelia4cosmetics\18478.jpg,18478,lobelia4cosmetics,41,cup,0.3953271806240082,"[140.82952880859375, 316.704345703125, 776.4070434570312, 1231.033203125]"
C:\Users\hp\Desktop\matos\tenx 10academy\week 7\Shipping a Data Product From Raw Telegram Data to an Analytical API\data\raw\images\2025-07-09\lobelia4cosmetics\18478.jpg,18478,lobelia4cosmetics,52,hot dog,0.2594756484031677,"[260.45599365234375, 70.56930541992188, 377.39959716796875, 183.46905517578125]"
C:\Users\hp\Desktop\matos\tenx 10academy\week 7\Shipping a Data Product From Raw Telegram Data to an Analytical API\data\raw\images\2025-07-09\lobelia4cosmetics\18480.jpg,18480,lobelia4cosmetics,0,person,0.4068538248538971,"[182.12451171875, 363.93804931640625, 306.71710205078125, 525.449462890625]"
C:\Users\hp\Desktop\matos\tenx 10academy\week 7\Shipping a Data Product From Raw Telegram Data to an Analytical API\data\raw\images\2025-07-09\lobelia4cosmetics\18482.jpg,18482,lobelia4cosmetics,11,stop sign,0.45785507559776306,"[16.356964111328125, 13.495979309082031, 262.6202392578125, 387.2282409667969]"
C:\Users\hp\Desktop\matos\tenx 10academy\week 7\Shipping a Data Product From Raw Telegram Data to an Analytical API\data\raw\images\2025-07-09\lobelia4cosmetics\18485.jpg,18485,lobelia4cosmetics,41,cup,0.589409589767456,"[219.736572265625, 799.000732421875, 579.2696533203125, 990.6767578125]"
C:\Users\hp\Desktop\matos\tenx 10academy\week 7\Shipping a Data Product From Raw Telegram Data to an Analytical API\data\raw\images\2025-07-09\lobelia4cosmetics\18485.jpg,18485,lobelia4cosmetics,60,dining table,0.4641651511192322,"[0.0, 657.41455078125, 1010.278564453125, 1277.592529296875]"
C:\Users\hp\Desktop\matos\tenx 10academy\week 7\Shipping a Data Product From Raw Telegram Data to an Analytical API\data\raw\images\2025-07-09\lobelia4cosmetics\18485.jpg,18485,lobelia4cosmetics,41,cup,0.3176514804363251,"[219.64959716796875, 797.403076171875, 454.5390625, 990.37353515625]"
C:\Users\hp\Desktop\matos\tenx 10academy\week 7\Shipping a Data Product From Raw Telegram Data to an Analytical API\data\raw\images\2025-07-09\tikvahpharma\172092.jpg,172092,tikvahpharma,65,remote,0.8464228510856628,"[623.7567138671875, 603.9696655273438, 1079.494384765625, 1065.947265625]"
C:\Users\hp\Desktop\matos\tenx 10academy\week 7\Shipping a Data Product From Raw Telegram Data to an Analytical API\data\raw\images\2025-07-09\tikvahpharma\172099.jpg,172099,tikvahpharma,0,person,0.8219214677810669,"[0.0, 1.0045795440673828, 493.96026611328125, 675.5388793945312]"
C:\Users\hp\Desktop\matos\tenx 10academy\week 7\Shipping a Data Product From Raw Telegram Data to an Analytical API\data\raw\images\2025-07-09\tikvahpharma\172100.jpg,172100,tikvahpharma,39,bottle,0.7599905133247375,"[322.0411376953125, 66.25816345214844, 706.7254638671875, 566.5611572265625]"
C:\Users\hp\Desktop\matos\tenx 10academy\week 7\Shipping a Data Product From Raw Telegram Data to an Analytical API\data\raw\images\2025-07-09\tikvahpharma\172100.jpg,172100,tikvahpharma,39,bottle,0.48945820331573486,"[19.37530517578125, 13.13232421875, 550.8679809570312, 519.1659545898438]"
C:\Users\hp\Desktop\matos\tenx 10academy\week 7\Shipping a Data Product From Raw Telegram Data to an Analytical API\data\raw\images\2025-07-09\tikvahpharma\172100.jpg,172100,tikvahpharma,39,bottle,0.44798630475997925,"[22.18682861328125, 9.51715087890625, 553.4182739257812, 759.6826782226562]"
C:\Users\hp\Desktop\matos\tenx 10academy\week 7\Shipping a Data Product From Raw Telegram Data to an Analytical API\data\raw\images\2025-07-09\tikvahpharma\172100.jpg,172100,tikvahpharma,39,bottle,0.31520360708236694,"[37.8153076171875, 401.3256530761719, 548.1580810546875, 791.8466796875]"
C:\Users\hp\Desktop\matos\tenx 10academy\week 7\Shipping a Data Product From Raw Telegram Data to an Analytical API\data\raw\images\2025-07-10\lobelia4cosmetics\18486.jpg,18486,lobelia4cosmetics,41,cup,0.3953271806240082,"[140.82952880859375, 316.704345703125, 776.4070434570312, 1231.033203125]"
C:\Users\hp\Desktop\matos\tenx 10academy\week 7\Shipping a Data Product From Raw Telegram Data to an Analytical API\data\raw\images\2025-07-10\lobelia4cosmetics\18486.jpg,18486,lobelia4cosmetics,52,hot dog,0.2594756484031677,"[260.45599365234375, 70.56930541992188, 377.39959716796875, 183.46905517578125]"
C:\Users\hp\Desktop\matos\tenx 10academy\week 7\Shipping a Data Product From Raw Telegram Data to an Analytical API\data\raw\images\2025-07-10\lobelia4cosmetics\18487.jpg,18487,lobelia4cosmetics,39,bottle,0.47511228919029236,"[151.95941162109375, 26.680681228637695, 402.515869140625, 528.0278930664062]"
C:\Users\hp\Desktop\matos\tenx 10academy\week 7\Shipping a Data Product From Raw Telegram Data to an Analytical API\data\raw\images\2025-07-10\lobelia4cosmetics\18488.jpg,18488,lobelia4cosmetics,39,bottle,0.6869127750396729,"[256.9072265625, 36.983154296875, 708.5888671875, 1238.16943359375]"
C:\Users\hp\Desktop\matos\tenx 10academy\week 7\Shipping a Data Product From Raw Telegram Data to an Analytical API\data\raw\images\2025-07-10\lobelia4cosmetics\18489.jpg,18489,lobelia4cosmetics,67,cell phone,0.5484079122543335,"[165.7634735107422, 41.875030517578125, 401.69647216796875, 505.51263427734375]"
C:\Users\hp\Desktop\matos\tenx 10academy\week 7\Shipping a Data Product From Raw Telegram Data to an Analytical API\data\raw\images\2025-07-10\lobelia4cosmetics\18490.jpg,18490,lobelia4cosmetics,72,refrigerator,0.38533541560173035,"[56.02237319946289, 28.14296531677246, 801.1395874023438, 1121.6285400390625]"
C:\Users\hp\Desktop\matos\tenx 10academy\week 7\Shipping a Data Product From Raw Telegram Data to an Analytical API\data\raw\images\2025-07-10\lobelia4cosmetics\18491.jpg,18491,lobelia4cosmetics,0,person,0.4068538248538971,"[182.12451171875, 363.93804931640625, 306.71710205078125, 525.449462890625]"
C:\Users\hp\Desktop\matos\tenx 10academy\week 7\Shipping a Data Product From Raw Telegram Data to an Analytical API\data\raw\images\2025-07-10\lobelia4cosmetics\18492.jpg,18492,lobelia4cosmetics,39,bottle,0.46267056465148926,"[148.68212890625, 22.12389373779297, 404.2507629394531, 535.327392578125]"
C:\Users\hp\Desktop\matos\tenx 10academy\week 7\Shipping a Data Product From Raw Telegram Data to an Analytical API\data\raw\images\2025-07-10\lobelia4cosmetics\18494.jpg,18494,lobelia4cosmetics,39,bottle,0.4572097957134247,"[170.24078369140625, 7.042240142822266, 508.7655029296875, 672.170166015625]"
C:\Users\hp\Desktop\matos\tenx 10academy\week 7\Shipping a Data Product From Raw Telegram Data to an Analytical API\data\raw\images\2025-07-10\lobelia4cosmetics\18495.jpg,18495,lobelia4cosmetics,73,book,0.4435158967971802,"[80.14434814453125, 67.45773315429688, 459.058837890625, 740.4412841796875]"
C:\Users\hp\Desktop\matos\tenx 10academy\week 7\Shipping a Data Product From Raw Telegram Data to an Analytical API\data\raw\images\2025-07-10\lobelia4cosmetics\18495.jpg,18495,lobelia4cosmetics,49,orange,0.43295425176620483,"[89.9352035522461, 143.01437377929688, 441.62786865234375, 285.0746765136719]"
C:\Users\hp\Desktop\matos\tenx 10academy\week 7\Shipping a Data Product From Raw Telegram Data to an Analytical API\data\raw\images\2025-07-10\lobelia4cosmetics\18498.jpg,18498,lobelia4cosmetics,39,bottle,0.5184615254402161,"[99.3673095703125, 49.471923828125, 606.62109375, 1274.590087890625]"
C:\Users\hp\Desktop\matos\tenx 10academy\week 7\Shipping a Data Product From Raw Telegram Data to an Analytical API\data\raw\images\2025-07-10\lobelia4cosmetics\18499.jpg,18499,lobelia4cosmetics,39,bottle,0.8489181995391846,"[249.81878662109375, 38.364013671875, 688.9873657226562, 1162.70166015625]"
C:\Users\hp\Desktop\matos\tenx 10academy\week 7\Shipping a Data Product From Raw Telegram Data to an Analytical API\data\raw\images\2025-07-10\lobelia4cosmetics\18501.jpg,18501,lobelia4cosmetics,39,bottle,0.9278404116630554,"[214.83438110351562, 172.9500732421875, 604.7655029296875, 1105.318603515625]"
C:\Users\hp\Desktop\matos\tenx 10academy\week 7\Shipping a Data Product From Raw Telegram Data to an Analytical API\data\raw\images\2025-07-10\lobelia4cosmetics\18501.jpg,18501,lobelia4cosmetics,39,bottle,0.38874974846839905,"[161.035400390625, 11.916473388671875, 234.15936279296875, 176.04916381835938]"
C:\Users\hp\Desktop\matos\tenx 10academy\week 7\Shipping a Data Product From Raw Telegram Data to an Analytical API\data\raw\images\2025-07-10\lobelia4cosmetics\18502.jpg,18502,lobelia4cosmetics,39,bottle,0.9530306458473206,"[272.2961730957031, 80.551513671875, 681.630859375, 1148.634521484375]"
C:\Users\hp\Desktop\matos\tenx 10academy\week 7\Shipping a Data Product From Raw Telegram Data to an Analytical API\data\raw\images\2025-07-10\lobelia4cosmetics\18502.jpg,18502,lobelia4cosmetics,39,bottle,0.3579406440258026,"[157.99664306640625, 4.4221343994140625, 230.92083740234375, 163.717529296875]"
C:\Users\hp\Desktop\matos\tenx 10academy\week 7\Shipping a Data Product From Raw Telegram Data to an Analytical API\data\raw\images\2025-07-10\lobelia4cosmetics\18503.jpg,18503,lobelia4cosmetics,39,bottle,0.881782054901123,"[240.02197265625, 78.352294921875, 647.648681640625, 1112.93505859375]"
C:\Users\hp\Desktop\matos\tenx 10academy\week 7\Shipping a Data Product From Raw Telegram Data to an Analytical API\data\raw\images\2025-07-10\lobelia4cosmetics\18504.jpg,18504,lobelia4cosmetics,39,bottle,0.7983744144439697,"[246.14208984375, 164.77001953125, 645.2601318359375, 1115.890380859375]"
C:\Users\hp\Desktop\matos\tenx 10academy\week 7\Shipping a Data Product From Raw Telegram Data to an Analytical API\data\raw\images\2025-07-10\lobelia4cosmetics\18504.jpg,18504,lobelia4cosmetics,39,bottle,0.4811692237854004,"[36.2227783203125, 20.844329833984375, 130.42327880859375, 245.07315063476562]"
C:\Users\hp\Desktop\matos\tenx 10academy\week 7\Shipping a Data Product From Raw Telegram Data to an Analytical API\data\raw\images\2025-07-10\lobelia4cosmetics\18504.jpg,18504,lobelia4cosmetics,39,bottle,0.34683021903038025,"[194.4876708984375, 36.385009765625, 277.10498046875, 233.37057495117188]"
C:\Users\hp\Desktop\matos\tenx 10academy\week 7\Shipping a Data Product From Raw Telegram Data to an Analytical API\data\raw\images\2025-07-10\lobelia4cosmetics\18504.jpg,18504,lobelia4cosmetics,39,bottle,0.32753869891166687,"[125.566162109375, 26.89849853515625, 198.6429443359375, 224.7413330078125]"
C:\Users\hp\Desktop\matos\tenx 10academy\week 7\Shipping a Data Product From Raw Telegram Data to an Analytical API\data\raw\images\2025-07-10\lobelia4cosmetics\18505.jpg,18505,lobelia4cosmetics,39,bottle,0.7491163015365601,"[191.6993408203125, 185.090576171875, 535.1748046875, 1231.4873046875]"
C:\Users\hp\Desktop\matos\tenx 10academy\week 7\Shipping a Data Product From Raw Telegram Data to an Analytical API\data\raw\images\2025-07-10\lobelia4cosmetics\18505.jpg,18505,lobelia4cosmetics,39,bottle,0.42876893281936646,"[596.4520263671875, 0.0119171142578125, 684.877197265625, 187.66612243652344]"
C:\Users\hp\Desktop\matos\tenx 10academy\week 7\Shipping a Data Product From Raw Telegram Data to an Analytical API\data\raw\images\2025-07-10\lobelia4cosmetics\18505.jpg,18505,lobelia4cosmetics,39,bottle,0.42136043310165405,"[440.74609375, 0.1925201416015625, 540.11279296875, 201.16258239746094]"
C:\Users\hp\Desktop\matos\tenx 10academy\week 7\Shipping a Data Product From Raw Telegram Data to an Analytical API\data\raw\images\2025-07-10\lobelia4cosmetics\18505.jpg,18505,lobelia4cosmetics,39,bottle,0.40551209449768066,"[310.01666259765625, 7.542205810546875, 385.5294189453125, 175.12493896484375]"
C:\Users\hp\Desktop\matos\tenx 10academy\week 7\Shipping a Data Product From Raw Telegram Data to an Analytical API\data\raw\images\2025-07-10\lobelia4cosmetics\18505.jpg,18505,lobelia4cosmetics,39,bottle,0.350585013628006,"[381.271484375, 3.2739410400390625, 448.58203125, 174.5840606689453]"
C:\Users\hp\Desktop\matos\tenx 10academy\week 7\Shipping a Data Product From Raw Telegram Data to an Analytical API\data\raw\images\2025-07-10\lobelia4cosmetics\18506.jpg,18506,lobelia4cosmetics,39,bottle,0.9365288615226746,"[229.8837890625, 69.40771484375, 632.9027099609375, 1262.582763671875]"
C:\Users\hp\Desktop\matos\tenx 10academy\week 7\Shipping a Data Product From Raw Telegram Data to an Analytical API\data\raw\images\2025-07-10\lobelia4cosmetics\18506.jpg,18506,lobelia4cosmetics,61,toilet,0.4031291902065277,"[724.790283203125, 814.021484375, 959.62255859375, 1279.16650390625]"
C:\Users\hp\Desktop\matos\tenx 10academy\week 7\Shipping a Data Product From Raw Telegram Data to an Analytical API\data\raw\images\2025-07-10\lobelia4cosmetics\18507.jpg,18507,lobelia4cosmetics,76,scissors,0.3376501798629761,"[150.01043701171875, 4.622314453125, 236.50372314453125, 293.42291259765625]"
C:\Users\hp\Desktop\matos\tenx 10academy\week 7\Shipping a Data Product From Raw Telegram Data to an Analytical API\data\raw\images\2025-07-10\lobelia4cosmetics\18507.jpg,18507,lobelia4cosmetics,65,remote,0.3167746663093567,"[80.2586669921875, 4.635498046875, 226.516357421875, 311.71435546875]"
C:\Users\hp\Desktop\matos\tenx 10academy\week 7\Shipping a Data Product From Raw Telegram Data to an Analytical API\data\raw\images\2025-07-10\lobelia4cosmetics\18509.jpg,18509,lobelia4cosmetics,73,book,0.5679147243499756,"[388.7110290527344, 72.76290130615234, 518.4763793945312, 473.0109558105469]"
C:\Users\hp\Desktop\matos\tenx 10academy\week 7\Shipping a Data Product From Raw Telegram Data to an Analytical API\data\raw\images\2025-07-10\lobelia4cosmetics\18511.jpg,18511,lobelia4cosmetics,68,microwave,0.4192948341369629,"[299.35577392578125, 246.1731414794922, 412.6593322753906, 314.9913330078125]"
C:\Users\hp\Desktop\matos\tenx 10academy\week 7\Shipping a Data Product From Raw Telegram Data to an Analytical API\data\raw\images\2025-07-10\lobelia4cosmetics\18514.jpg,18514,lobelia4cosmetics,67,cell phone,0.5484079122543335,"[165.7634735107422, 41.875030517578125, 401.69647216796875, 505.51263427734375]"
C:\Users\hp\Desktop\matos\tenx 10academy\week 7\Shipping a Data Product From Raw Telegram Data to an Analytical API\data\raw\images\2025-07-10\lobelia4cosmetics\18515.jpg,18515,lobelia4cosmetics,73,book,0.2753829061985016,"[204.39111328125, 73.2872314453125, 930.000244140625, 1277.373779296875]"
C:\Users\hp\Desktop\matos\tenx 10academy\week 7\Shipping a Data Product From Raw Telegram Data to an Analytical API\data\raw\images\2025-07-10\tikvahpharma\172112.jpg,172112,tikvahpharma,62,tv,0.8252831697463989,"[321.6503601074219, 85.40945434570312, 469.34136962890625, 187.6213836669922]"
C:\Users\hp\Desktop\matos\tenx 10academy\week 7\Shipping a Data Product From Raw Telegram Data to an Analytical API\data\raw\images\2025-07-10\tikvahpharma\172112.jpg,172112,tikvahpharma,67,cell phone,0.28754785656929016,"[336.9537353515625, 221.74244689941406, 399.3267517089844, 284.7635192871094]"
C:\Users\hp\Desktop\matos\tenx 10academy\week 7\Shipping a Data Product From Raw Telegram Data to an Analytical API\data\raw\images\2025-07-10\tikvahpharma\172113.jpg,172113,tikvahpharma,67,cell phone,0.5610815286636353,"[135.78826904296875, 16.733413696289062, 544.0068969726562, 641.6204833984375]"
C:\Users\hp\Desktop\matos\tenx 10academy\week 7\Shipping a Data Product From Raw Telegram Data to an Analytical API\data\raw\images\2025-07-10\tikvahpharma\172114.jpg,172114,tikvahpharma,67,cell phone,0.49472227692604065,"[117.67922973632812, 196.6177520751953, 673.4266967773438, 469.4683837890625]"
C:\Users\hp\Desktop\matos\tenx 10academy\week 7\Shipping a Data Product From Raw Telegram Data to an Analytical API\data\raw\images\2025-07-10\tikvahpharma\172135.jpg,172135,tikvahpharma,0,person,0.8520633578300476,"[589.680908203125, 157.95855712890625, 973.07763671875, 588.246826171875]"
C:\Users\hp\Desktop\matos\tenx 10academy\week 7\Shipping a Data Product From Raw Telegram Data to an Analytical API\data\raw\images\2025-07-10\tikvahpharma\172135.jpg,172135,tikvahpharma,0,person,0.8393114805221558,"[172.00949096679688, 35.70714569091797, 522.2735595703125, 283.1709289550781]"
C:\Users\hp\Desktop\matos\tenx 10academy\week 7\Shipping a Data Product From Raw Telegram Data to an Analytical API\data\raw\images\2025-07-11\lobelia4cosmetics\18518.jpg,18518,lobelia4cosmetics,39,bottle,0.4572097957134247,"[170.24078369140625, 7.042240142822266, 508.7655029296875, 672.170166015625]"
C:\Users\hp\Desktop\matos\tenx 10academy\week 7\Shipping a Data Product From Raw Telegram Data to an Analytical API\data\raw\images\2025-07-11\lobelia4cosmetics\18521.jpg,18521,lobelia4cosmetics,39,bottle,0.5791763663291931,"[158.8509063720703, 6.463339805603027, 516.116943359375, 668.5074462890625]"
C:\Users\hp\Desktop\matos\tenx 10academy\week 7\Shipping a Data Product From Raw Telegram Data to an Analytical API\data\raw\images\2025-07-11\lobelia4cosmetics\18522.jpg,18522,lobelia4cosmetics,39,bottle,0.8049418330192566,"[141.56399536132812, 24.941587448120117, 363.4849548339844, 453.5033874511719]"
C:\Users\hp\Desktop\matos\tenx 10academy\week 7\Shipping a Data Product From Raw Telegram Data to an Analytical API\data\raw\images\2025-07-11\lobelia4cosmetics\18524.jpg,18524,lobelia4cosmetics,39,bottle,0.5184615254402161,"[99.3673095703125, 49.471923828125, 606.62109375, 1274.590087890625]"
C:\Users\hp\Desktop\matos\tenx 10academy\week 7\Shipping a Data Product From Raw Telegram Data to an Analytical API\data\raw\images\2025-07-11\lobelia4cosmetics\18526.jpg,18526,lobelia4cosmetics,41,cup,0.3953271806240082,"[140.82952880859375, 316.704345703125, 776.4070434570312, 1231.033203125]"
C:\Users\hp\Desktop\matos\tenx 10academy\week 7\Shipping a Data Product From Raw Telegram Data to an Analytical API\data\raw\images\2025-07-11\lobelia4cosmetics\18526.jpg,18526,lobelia4cosmetics,52,hot dog,0.2594756484031677,"[260.45599365234375, 70.56930541992188, 377.39959716796875, 183.46905517578125]"
C:\Users\hp\Desktop\matos\tenx 10academy\week 7\Shipping a Data Product From Raw Telegram Data to an Analytical API\data\raw\images\2025-07-11\tikvahpharma\172178.jpg,172178,tikvahpharma,65,remote,0.8464228510856628,"[623.7567138671875, 603.9696655273438, 1079.494384765625, 1065.947265625]"
C:\Users\hp\Desktop\matos\tenx 10academy\week 7\Shipping a Data Product From Raw Telegram Data to an Analytical API\data\raw\images\2025-07-11\tikvahpharma\172209.jpg,172209,tikvahpharma,74,clock,0.624062180519104,"[67.0067138671875, 320.3320617675781, 971.87451171875, 1136.465576171875]"
C:\Users\hp\Desktop\matos\tenx 10academy\week 7\Shipping a Data Product From Raw Telegram Data to an Analytical API\data\raw\images\2025-07-11\tikvahpharma\172252.jpg,172252,tikvahpharma,39,bottle,0.6309812664985657,"[302.3364562988281, 349.651611328125, 471.3004150390625, 602.6121826171875]"
C:\Users\hp\Desktop\matos\tenx 10academy\week 7\Shipping a Data Product From Raw Telegram Data to an Analytical API\data\raw\images\2025-07-11\tikvahpharma\172252.jpg,172252,tikvahpharma,60,dining table,0.2898806035518646,"[7.19171142578125, 1.1661968231201172, 934.7489624023438, 775.0314331054688]"
C:\Users\hp\Desktop\matos\tenx 10academy\week 7\Shipping a Data Product From Raw Telegram Data to an Analytical API\data\raw\images\2025-07-11\tikvahpharma\172252.jpg,172252,tikvahpharma,39,bottle,0.2860846519470215,"[137.26881408691406, 339.0321960449219, 312.9861755371094, 592.7073974609375]"
C:\Users\hp\Desktop\matos\tenx 10academy\week 7\Shipping a Data Product From Raw Telegram Data to an Analytical API\data\raw\images\2025-07-11\tikvahpharma\172263.jpg,172263,tikvahpharma,65,remote,0.8464228510856628,"[623.7567138671875, 603.9696655273438, 1079.494384765625, 1065.947265625]"
C:\Users\hp\Desktop\matos\tenx 10academy\week 7\Shipping a Data Product From Raw Telegram Data to an Analytical API\data\raw\images\2025-07-11\tikvahpharma\172273.jpg,172273,tikvahpharma,39,bottle,0.9094381332397461,"[429.56304931640625, 445.17462158203125, 592.286376953125, 797.6734619140625]"
C:\Users\hp\Desktop\matos\tenx 10academy\week 7\Shipping a Data Product From Raw Telegram Data to an Analytical API\data\raw\images\2025-07-11\tikvahpharma\172273.jpg,172273,tikvahpharma,39,bottle,0.3340493142604828,"[308.2450866699219, 625.9678344726562, 456.7060852050781, 799.85791015625]"
C:\Users\hp\Desktop\matos\tenx 10academy\week 7\Shipping a Data Product From Raw Telegram Data to an Analytical API\data\raw\images\2025-07-11\tikvahpharma\172274.jpg,172274,tikvahpharma,39,bottle,0.338358074426651,"[337.91107177734375, 463.51837158203125, 363.83502197265625, 527.3433227539062]"
C:\Users\hp\Desktop\matos\tenx 10academy\week 7\Shipping a Data Product From Raw Telegram Data to an Analytical API\data\raw\images\2025-07-11\tikvahpharma\172274.jpg,172274,tikvahpharma,39,bottle,0.28021326661109924,"[480.18768310546875, 381.4813232421875, 508.67413330078125, 448.1658935546875]"
C:\Users\hp\Desktop\matos\tenx 10academy\week 7\Shipping a Data Product From Raw Telegram Data to an Analytical API\data\raw\images\2025-07-12\lobelia4cosmetics\18530.jpg,18530,lobelia4cosmetics,12,parking meter,0.36147335171699524,"[76.6455078125, 77.188232421875, 786.5360107421875, 1269.405029296875]"
C:\Users\hp\Desktop\matos\tenx 10academy\week 7\Shipping a Data Product From Raw Telegram Data to an Analytical API\data\raw\images\2025-07-12\lobelia4cosmetics\18532.jpg,18532,lobelia4cosmetics,39,bottle,0.5184615254402161,"[99.3673095703125, 49.471923828125, 606.62109375, 1274.590087890625]"
C:\Users\hp\Desktop\matos\tenx 10academy\week 7\Shipping a Data Product From Raw Telegram Data to an Analytical API\data\raw\images\2025-07-12\lobelia4cosmetics\18534.jpg,18534,lobelia4cosmetics,12,parking meter,0.5721380710601807,"[138.12811279296875, 92.0567626953125, 818.7630004882812, 1244.9190673828125]"
C:\Users\hp\Desktop\matos\tenx 10academy\week 7\Shipping a Data Product From Raw Telegram Data to an Analytical API\data\raw\images\2025-07-12\lobelia4cosmetics\18535.jpg,18535,lobelia4cosmetics,12,parking meter,0.6776859164237976,"[198.2388916015625, 120.17800903320312, 798.7071533203125, 1120.80078125]"
C:\Users\hp\Desktop\matos\tenx 10academy\week 7\Shipping a Data Product From Raw Telegram Data to an Analytical API\data\raw\images\2025-07-12\tikvahpharma\172307.jpg,172307,tikvahpharma,0,person,0.8397874236106873,"[320.6264953613281, 102.46900177001953, 584.2130126953125, 411.7043151855469]"
C:\Users\hp\Desktop\matos\tenx 10academy\week 7\Shipping a Data Product From Raw Telegram Data to an Analytical API\data\raw\images\2025-07-12\tikvahpharma\172307.jpg,172307,tikvahpharma,0,person,0.8230666518211365,"[257.1949462890625, 123.04424285888672, 331.6006164550781, 250.92031860351562]"
C:\Users\hp\Desktop\matos\tenx 10academy\week 7\Shipping a Data Product From Raw Telegram Data to an Analytical API\data\raw\images\2025-07-12\tikvahpharma\172307.jpg,172307,tikvahpharma,0,person,0.8165013790130615,"[564.0116577148438, 170.5904998779297, 738.7064819335938, 410.0710144042969]"
C:\Users\hp\Desktop\matos\tenx 10academy\week 7\Shipping a Data Product From Raw Telegram Data to an Analytical API\data\raw\images\2025-07-12\tikvahpharma\172307.jpg,172307,tikvahpharma,0,person,0.7678684592247009,"[108.9625015258789, 173.13568115234375, 358.9903259277344, 411.02435302734375]"
C:\Users\hp\Desktop\matos\tenx 10academy\week 7\Shipping a Data Product From Raw Telegram Data to an Analytical API\data\raw\images\2025-07-12\tikvahpharma\172307.jpg,172307,tikvahpharma,0,person,0.7358967065811157,"[616.1580200195312, 112.54454040527344, 718.2720336914062, 211.57273864746094]"
C:\Users\hp\Desktop\matos\tenx 10academy\week 7\Shipping a Data Product From Raw Telegram Data to an Analytical API\data\raw\images\2025-07-12\tikvahpharma\172307.jpg,172307,tikvahpharma,0,person,0.6986010074615479,"[137.46435546875, 127.31768798828125, 202.25096130371094, 218.1289520263672]"
C:\Users\hp\Desktop\matos\tenx 10academy\week 7\Shipping a Data Product From Raw Telegram Data to an Analytical API\data\raw\images\2025-07-12\tikvahpharma\172307.jpg,172307,tikvahpharma,0,person,0.6461811065673828,"[0.12705157697200775, 150.72647094726562, 111.80037689208984, 395.47589111328125]"
C:\Users\hp\Desktop\matos\tenx 10academy\week 7\Shipping a Data Product From Raw Telegram Data to an Analytical API\data\raw\images\2025-07-12\tikvahpharma\172307.jpg,172307,tikvahpharma,0,person,0.5579597353935242,"[184.235595703125, 123.87158203125, 259.6019287109375, 213.7503204345703]"
C:\Users\hp\Desktop\matos\tenx 10academy\week 7\Shipping a Data Product From Raw Telegram Data to an Analytical API\data\raw\images\2025-07-12\tikvahpharma\172307.jpg,172307,tikvahpharma,67,cell phone,0.45656925439834595,"[10.11734676361084, 294.3962097167969, 41.60844421386719, 321.1292724609375]"
C:\Users\hp\Desktop\matos\tenx 10academy\week 7\Shipping a Data Product From Raw Telegram Data to an Analytical API\data\raw\images\2025-07-12\tikvahpharma\172307.jpg,172307,tikvahpharma,0,person,0.4335753619670868,"[74.71992492675781, 176.32066345214844, 206.6210174560547, 363.66094970703125]"
C:\Users\hp\Desktop\matos\tenx 10academy\week 7\Shipping a Data Product From Raw Telegram Data to an Analytical API\data\raw\images\2025-07-12\tikvahpharma\172307.jpg,172307,tikvahpharma,0,person,0.3645077645778656,"[712.0468139648438, 136.77951049804688, 738.82763671875, 280.6050720214844]"
C:\Users\hp\Desktop\matos\tenx 10academy\week 7\Shipping a Data Product From Raw Telegram Data to an Analytical API\data\raw\images\2025-07-12\tikvahpharma\172307.jpg,172307,tikvahpharma,0,person,0.3589889407157898,"[561.7169189453125, 115.36289978027344, 606.04345703125, 192.50743103027344]"
C:\Users\hp\Desktop\matos\tenx 10academy\week 7\Shipping a Data Product From Raw Telegram Data to an Analytical API\data\raw\images\2025-07-12\tikvahpharma\172307.jpg,172307,tikvahpharma,0,person,0.2695575952529907,"[53.828125, 174.81422424316406, 208.68820190429688, 408.2739562988281]"
C:\Users\hp\Desktop\matos\tenx 10academy\week 7\Shipping a Data Product From Raw Telegram Data to an Analytical API\data\raw\images\2025-07-12\tikvahpharma\172345.jpg,172345,tikvahpharma,39,bottle,0.4879060685634613,"[49.2177734375, 290.681640625, 312.9827880859375, 1225.583251953125]"
C:\Users\hp\Desktop\matos\tenx 10academy\week 7\Shipping a Data Product From Raw Telegram Data to an Analytical API\data\raw\images\2025-07-12\tikvahpharma\172345.jpg,172345,tikvahpharma,73,book,0.2716194689273834,"[744.8682861328125, 207.846923828125, 1102.3233642578125, 1110.055419921875]"
C:\Users\hp\Desktop\matos\tenx 10academy\week 7\Shipping a Data Product From Raw Telegram Data to an Analytical API\data\raw\images\2025-07-12\tikvahpharma\172345.jpg,172345,tikvahpharma,39,bottle,0.2579015791416168,"[333.57012939453125, 302.5292663574219, 586.9369506835938, 1199.676513671875]"
C:\Users\hp\Desktop\matos\tenx 10academy\week 7\Shipping a Data Product From Raw Telegram Data to an Analytical API\data\raw\images\2025-07-12\tikvahpharma\172367.jpg,172367,tikvahpharma,65,remote,0.8464228510856628,"[623.7567138671875, 603.9696655273438, 1079.494384765625, 1065.947265625]"
C:\Users\hp\Desktop\matos\tenx 10academy\week 7\Shipping a Data Product From Raw Telegram Data to an Analytical API\data\raw\images\2025-07-13\lobelia4cosmetics\18536.jpg,18536,lobelia4cosmetics,39,bottle,0.47511228919029236,"[151.95941162109375, 26.680681228637695, 402.515869140625, 528.0278930664062]"
C:\Users\hp\Desktop\matos\tenx 10academy\week 7\Shipping a Data Product From Raw Telegram Data to an Analytical API\data\raw\images\2025-07-13\lobelia4cosmetics\18537.jpg,18537,lobelia4cosmetics,39,bottle,0.5791763663291931,"[158.8509063720703, 6.463339805603027, 516.116943359375, 668.5074462890625]"
C:\Users\hp\Desktop\matos\tenx 10academy\week 7\Shipping a Data Product From Raw Telegram Data to an Analytical API\data\raw\images\2025-07-13\lobelia4cosmetics\18539.jpg,18539,lobelia4cosmetics,39,bottle,0.46267056465148926,"[148.68212890625, 22.12389373779297, 404.2507629394531, 535.327392578125]"
C:\Users\hp\Desktop\matos\tenx 10academy\week 7\Shipping a Data Product From Raw Telegram Data to an Analytical API\data\raw\images\2025-07-13\lobelia4cosmetics\18541.jpg,18541,lobelia4cosmetics,39,bottle,0.8049418330192566,"[141.56399536132812, 24.941587448120117, 363.4849548339844, 453.5033874511719]"
C:\Users\hp\Desktop\matos\tenx 10academy\week 7\Shipping a Data Product From Raw Telegram Data to an Analytical API\data\raw\images\2025-07-13\lobelia4cosmetics\18543.jpg,18543,lobelia4cosmetics,67,cell phone,0.5484079122543335,"[165.7634735107422, 41.875030517578125, 401.69647216796875, 505.51263427734375]"
C:\Users\hp\Desktop\matos\tenx 10academy\week 7\Shipping a Data Product From Raw Telegram Data to an Analytical API\data\raw\images\2025-07-13\lobelia4cosmetics\18546.jpg,18546,lobelia4cosmetics,39,bottle,0.7007859945297241,"[243.0611572265625, 2.9609375, 676.043701171875, 1249.419921875]"
C:\Users\hp\Desktop\matos\tenx 10academy\week 7\Shipping a Data Product From Raw Telegram Data to an Analytical API\data\raw\images\2025-07-13\lobelia4cosmetics\18546.jpg,18546,lobelia4cosmetics,60,dining table,0.2547720670700073,"[0.0, 783.131591796875, 959.47021484375, 1278.3251953125]"
C:\Users\hp\Desktop\matos\tenx 10academy\week 7\Shipping a Data Product From Raw Telegram Data to an Analytical API\data\raw\images\2025-07-13\tikvahpharma\172431.jpg,172431,tikvahpharma,0,person,0.8238247632980347,"[481.96160888671875, 374.96478271484375, 537.4452514648438, 538.6935424804688]"
C:\Users\hp\Desktop\matos\tenx 10academy\week 7\Shipping a Data Product From Raw Telegram Data to an Analytical API\data\raw\images\2025-07-13\tikvahpharma\172431.jpg,172431,tikvahpharma,0,person,0.7839897274971008,"[154.76751708984375, 375.44549560546875, 198.28961181640625, 546.6212768554688]"
C:\Users\hp\Desktop\matos\tenx 10academy\week 7\Shipping a Data Product From Raw Telegram Data to an Analytical API\data\raw\images\2025-07-13\tikvahpharma\172431.jpg,172431,tikvahpharma,0,person,0.771458625793457,"[582.0182495117188, 311.190185546875, 635.3413696289062, 464.993408203125]"
C:\Users\hp\Desktop\matos\tenx 10academy\week 7\Shipping a Data Product From Raw Telegram Data to an Analytical API\data\raw\images\2025-07-13\tikvahpharma\172431.jpg,172431,tikvahpharma,0,person,0.6667026281356812,"[469.89727783203125, 188.2010498046875, 526.3566284179688, 294.2123718261719]"
C:\Users\hp\Desktop\matos\tenx 10academy\week 7\Shipping a Data Product From Raw Telegram Data to an Analytical API\data\raw\images\2025-07-13\tikvahpharma\172431.jpg,172431,tikvahpharma,0,person,0.6201144456863403,"[157.23257446289062, 125.19043731689453, 220.79742431640625, 254.4725341796875]"
C:\Users\hp\Desktop\matos\tenx 10academy\week 7\Shipping a Data Product From Raw Telegram Data to an Analytical API\data\raw\images\2025-07-13\tikvahpharma\172431.jpg,172431,tikvahpharma,0,person,0.5659295320510864,"[39.06859588623047, 292.80169677734375, 89.89583587646484, 463.58917236328125]"
C:\Users\hp\Desktop\matos\tenx 10academy\week 7\Shipping a Data Product From Raw Telegram Data to an Analytical API\data\raw\images\2025-07-13\tikvahpharma\172431.jpg,172431,tikvahpharma,33,kite,0.37650972604751587,"[426.71380615234375, 57.173431396484375, 597.4024047851562, 132.36814880371094]"
C:\Users\hp\Desktop\matos\tenx 10academy\week 7\Shipping a Data Product From Raw Telegram Data to an Analytical API\data\raw\images\2025-07-13\tikvahpharma\172448.jpg,172448,tikvahpharma,0,person,0.8475940823554993,"[518.0006103515625, 17.8753662109375, 628.6153564453125, 371.83953857421875]"
C:\Users\hp\Desktop\matos\tenx 10academy\week 7\Shipping a Data Product From Raw Telegram Data to an Analytical API\data\raw\images\2025-07-13\tikvahpharma\172448.jpg,172448,tikvahpharma,0,person,0.8144659399986267,"[48.00019836425781, 0.0, 216.00933837890625, 371.7065124511719]"
C:\Users\hp\Desktop\matos\tenx 10academy\week 7\Shipping a Data Product From Raw Telegram Data to an Analytical API\data\raw\images\2025-07-13\tikvahpharma\172448.jpg,172448,tikvahpharma,0,person,0.797095537185669,"[182.4129638671875, 42.971099853515625, 299.0545654296875, 373.77691650390625]"
C:\Users\hp\Desktop\matos\tenx 10academy\week 7\Shipping a Data Product From Raw Telegram Data to an Analytical API\data\raw\images\2025-07-13\tikvahpharma\172448.jpg,172448,tikvahpharma,0,person,0.7647475600242615,"[303.6505432128906, 40.7216796875, 422.0164794921875, 372.7626953125]"
C:\Users\hp\Desktop\matos\tenx 10academy\week 7\Shipping a Data Product From Raw Telegram Data to an Analytical API\data\raw\images\2025-07-13\tikvahpharma\172448.jpg,172448,tikvahpharma,0,person,0.7089282870292664,"[0.331939697265625, 33.5977783203125, 76.0958251953125, 370.274169921875]"
C:\Users\hp\Desktop\matos\tenx 10academy\week 7\Shipping a Data Product From Raw Telegram Data to an Analytical API\data\raw\images\2025-07-13\tikvahpharma\172448.jpg,172448,tikvahpharma,62,tv,0.7072736620903015,"[669.1246337890625, 767.2176513671875, 897.2197265625, 980.6170654296875]"
C:\Users\hp\Desktop\matos\tenx 10academy\week 7\Shipping a Data Product From Raw Telegram Data to an Analytical API\data\raw\images\2025-07-13\tikvahpharma\172448.jpg,172448,tikvahpharma,0,person,0.6830417513847351,"[603.57421875, 50.039093017578125, 724.528076171875, 367.8856201171875]"
C:\Users\hp\Desktop\matos\tenx 10academy\week 7\Shipping a Data Product From Raw Telegram Data to an Analytical API\data\raw\images\2025-07-13\tikvahpharma\172448.jpg,172448,tikvahpharma,0,person,0.6809365153312683,"[266.53759765625, 46.28369140625, 339.8438720703125, 372.65081787109375]"
C:\Users\hp\Desktop\matos\tenx 10academy\week 7\Shipping a Data Product From Raw Telegram Data to an Analytical API\data\raw\images\2025-07-13\tikvahpharma\172448.jpg,172448,tikvahpharma,0,person,0.6695043444633484,"[418.5838623046875, 28.64599609375, 532.9730224609375, 374.5544738769531]"
C:\Users\hp\Desktop\matos\tenx 10academy\week 7\Shipping a Data Product From Raw Telegram Data to an Analytical API\data\raw\images\2025-07-13\tikvahpharma\172448.jpg,172448,tikvahpharma,0,person,0.531996488571167,"[404.122802734375, 30.52484130859375, 491.314453125, 372.48272705078125]"
C:\Users\hp\Desktop\matos\tenx 10academy\week 7\Shipping a Data Product From Raw Telegram Data to an Analytical API\data\raw\images\2025-07-13\tikvahpharma\172448.jpg,172448,tikvahpharma,0,person,0.49863770604133606,"[453.243408203125, 36.107208251953125, 539.230712890625, 371.6977233886719]"
C:\Users\hp\Desktop\matos\tenx 10academy\week 7\Shipping a Data Product From Raw Telegram Data to an Analytical API\data\raw\images\2025-07-13\tikvahpharma\172448.jpg,172448,tikvahpharma,0,person,0.42952945828437805,"[486.0533447265625, 40.60085678100586, 535.1688232421875, 126.400146484375]"
C:\Users\hp\Desktop\matos\tenx 10academy\week 7\Shipping a Data Product From Raw Telegram Data to an Analytical API\data\raw\images\2025-07-13\tikvahpharma\172448.jpg,172448,tikvahpharma,0,person,0.4223511219024658,"[609.0826416015625, 260.30548095703125, 895.8194580078125, 647.3099365234375]"
C:\Users\hp\Desktop\matos\tenx 10academy\week 7\Shipping a Data Product From Raw Telegram Data to an Analytical API\data\raw\images\2025-07-13\tikvahpharma\172448.jpg,172448,tikvahpharma,0,person,0.41466572880744934,"[737.778564453125, 47.38258361816406, 858.77587890625, 176.5369873046875]"
C:\Users\hp\Desktop\matos\tenx 10academy\week 7\Shipping a Data Product From Raw Telegram Data to an Analytical API\data\raw\images\2025-07-13\tikvahpharma\172448.jpg,172448,tikvahpharma,0,person,0.3769966661930084,"[818.1104736328125, 1.245758056640625, 904.0, 168.78424072265625]"
C:\Users\hp\Desktop\matos\tenx 10academy\week 7\Shipping a Data Product From Raw Telegram Data to an Analytical API\data\raw\images\2025-07-13\tikvahpharma\172448.jpg,172448,tikvahpharma,0,person,0.3769579529762268,"[0.0, 35.419921875, 115.13839721679688, 369.10980224609375]"
C:\Users\hp\Desktop\matos\tenx 10academy\week 7\Shipping a Data Product From Raw Telegram Data to an Analytical API\data\raw\images\2025-07-13\tikvahpharma\172448.jpg,172448,tikvahpharma,0,person,0.32935166358947754,"[710.4420776367188, 60.76901626586914, 774.5623168945312, 181.20541381835938]"
C:\Users\hp\Desktop\matos\tenx 10academy\week 7\Shipping a Data Product From Raw Telegram Data to an Analytical API\data\raw\images\2025-07-13\tikvahpharma\172448.jpg,172448,tikvahpharma,0,person,0.3101230561733246,"[611.271728515625, 50.8089599609375, 726.188720703125, 199.50283813476562]"
C:\Users\hp\Desktop\matos\tenx 10academy\week 7\Shipping a Data Product From Raw Telegram Data to an Analytical API\data\raw\images\2025-07-13\tikvahpharma\172448.jpg,172448,tikvahpharma,0,person,0.28755131363868713,"[812.2271728515625, 2.9556884765625, 904.0, 283.07037353515625]"
C:\Users\hp\Desktop\matos\tenx 10academy\week 7\Shipping a Data Product From Raw Telegram Data to an Analytical API\data\raw\images\2025-07-13\tikvahpharma\172448.jpg,172448,tikvahpharma,0,person,0.27630293369293213,"[707.739501953125, 59.706031799316406, 772.54638671875, 290.2938537597656]"
C:\Users\hp\Desktop\matos\tenx 10academy\week 7\Shipping a Data Product From Raw Telegram Data to an Analytical API\data\raw\images\2025-07-13\tikvahpharma\172448.jpg,172448,tikvahpharma,0,person,0.2552015483379364,"[851.484375, 2.4889984130859375, 904.0, 174.04693603515625]"
C:\Users\hp\Desktop\matos\tenx 10academy\week 7\Shipping a Data Product From Raw Telegram Data to an Analytical API\data\raw\images\2025-07-13\tikvahpharma\172451.jpg,172451,tikvahpharma,62,tv,0.6119052767753601,"[1058.5257568359375, 415.60986328125, 1240.1153564453125, 535.3275146484375]"
C:\Users\hp\Desktop\matos\tenx 10academy\week 7\Shipping a Data Product From Raw Telegram Data to an Analytical API\data\raw\images\2025-07-13\tikvahpharma\172451.jpg,172451,tikvahpharma,39,bottle,0.5699442625045776,"[61.09247589111328, 455.1256103515625, 100.97772979736328, 571.8162841796875]"
C:\Users\hp\Desktop\matos\tenx 10academy\week 7\Shipping a Data Product From Raw Telegram Data to an Analytical API\data\raw\images\2025-07-13\tikvahpharma\172451.jpg,172451,tikvahpharma,39,bottle,0.29515591263771057,"[94.78392028808594, 456.29986572265625, 132.00372314453125, 572.0907592773438]"
C:\Users\hp\Desktop\matos\tenx 10academy\week 7\Shipping a Data Product From Raw Telegram Data to an Analytical API\data\raw\images\2025-07-13\tikvahpharma\172452.jpg,172452,tikvahpharma,39,bottle,0.9094381332397461,"[429.56304931640625, 445.17462158203125, 592.286376953125, 797.6734619140625]"
C:\Users\hp\Desktop\matos\tenx 10academy\week 7\Shipping a Data Product From Raw Telegram Data to an Analytical API\data\raw\images\2025-07-13\tikvahpharma\172452.jpg,172452,tikvahpharma,39,bottle,0.3340493142604828,"[308.2450866699219, 625.9678344726562, 456.7060852050781, 799.85791015625]"
C:\Users\hp\Desktop\matos\tenx 10academy\week 7\Shipping a Data Product From Raw Telegram Data to an Analytical API\data\raw\images\2025-07-13\tikvahpharma\172453.jpg,172453,tikvahpharma,39,bottle,0.338358074426651,"[337.91107177734375, 463.51837158203125, 363.83502197265625, 527.3433227539062]"
C:\Users\hp\Desktop\matos\tenx 10academy\week 7\Shipping a Data Product From Raw Telegram Data to an Analytical API\data\raw\images\2025-07-13\tikvahpharma\172453.jpg,172453,tikvahpharma,39,bottle,0.28021326661109924,"[480.18768310546875, 381.4813232421875, 508.67413330078125, 448.1658935546875]"
C:\Users\hp\Desktop\matos\tenx 10academy\week 7\Shipping a Data Product From Raw Telegram Data to an Analytical API\data\raw\images\2025-07-14\lobelia4cosmetics\18548.jpg,18548,lobelia4cosmetics,12,parking meter,0.5721380710601807,"[138.12811279296875, 92.0567626953125, 818.7630004882812, 1244.9190673828125]"
C:\Users\hp\Desktop\matos\tenx 10academy\week 7\Shipping a Data Product From Raw Telegram Data to an Analytical API\data\raw\images\2025-07-14\lobelia4cosmetics\18549.jpg,18549,lobelia4cosmetics,12,parking meter,0.6776859164237976,"[198.2388916015625, 120.17800903320312, 798.7071533203125, 1120.80078125]"
C:\Users\hp\Desktop\matos\tenx 10academy\week 7\Shipping a Data Product From Raw Telegram Data to an Analytical API\data\raw\images\2025-07-14\lobelia4cosmetics\18550.jpg,18550,lobelia4cosmetics,41,cup,0.3953271806240082,"[140.82952880859375, 316.704345703125, 776.4070434570312, 1231.033203125]"
C:\Users\hp\Desktop\matos\tenx 10academy\week 7\Shipping a Data Product From Raw Telegram Data to an Analytical API\data\raw\images\2025-07-14\lobelia4cosmetics\18550.jpg,18550,lobelia4cosmetics,52,hot dog,0.2594756484031677,"[260.45599365234375, 70.56930541992188, 377.39959716796875, 183.46905517578125]"
C:\Users\hp\Desktop\matos\tenx 10academy\week 7\Shipping a Data Product From Raw Telegram Data to an Analytical API\data\raw\images\2025-07-14\lobelia4cosmetics\18551.jpg,18551,lobelia4cosmetics,39,bottle,0.5184615254402161,"[99.3673095703125, 49.471923828125, 606.62109375, 1274.590087890625]"
C:\Users\hp\Desktop\matos\tenx 10academy\week 7\Shipping a Data Product From Raw Telegram Data to an Analytical API\data\raw\images\2025-07-14\lobelia4cosmetics\18552.jpg,18552,lobelia4cosmetics,39,bottle,0.5791763663291931,"[158.8509063720703, 6.463339805603027, 516.116943359375, 668.5074462890625]"
C:\Users\hp\Desktop\matos\tenx 10academy\week 7\Shipping a Data Product From Raw Telegram Data to an Analytical API\data\raw\images\2025-07-14\lobelia4cosmetics\18554.jpg,18554,lobelia4cosmetics,39,bottle,0.6537620425224304,"[98.20516204833984, 0.0, 353.7948913574219, 585.6158447265625]"
C:\Users\hp\Desktop\matos\tenx 10academy\week 7\Shipping a Data Product From Raw Telegram Data to an Analytical API\data\raw\images\2025-07-14\lobelia4cosmetics\18556.jpg,18556,lobelia4cosmetics,0,person,0.4068538248538971,"[182.12451171875, 363.93804931640625, 306.71710205078125, 525.449462890625]"
C:\Users\hp\Desktop\matos\tenx 10academy\week 7\Shipping a Data Product From Raw Telegram Data to an Analytical API\data\raw\images\2025-07-14\lobelia4cosmetics\18557.jpg,18557,lobelia4cosmetics,39,bottle,0.8137025237083435,"[300.0122985839844, 101.3681640625, 722.2005615234375, 1224.135498046875]"
C:\Users\hp\Desktop\matos\tenx 10academy\week 7\Shipping a Data Product From Raw Telegram Data to an Analytical API\data\raw\images\2025-07-14\lobelia4cosmetics\18560.jpg,18560,lobelia4cosmetics,39,bottle,0.5791763663291931,"[158.8509063720703, 6.463339805603027, 516.116943359375, 668.5074462890625]"
C:\Users\hp\Desktop\matos\tenx 10academy\week 7\Shipping a Data Product From Raw Telegram Data to an Analytical API\data\raw\images\2025-07-14\lobelia4cosmetics\18561.jpg,18561,lobelia4cosmetics,39,bottle,0.4572097957134247,"[170.24078369140625, 7.042240142822266, 508.7655029296875, 672.170166015625]"
C:\Users\hp\Desktop\matos\tenx 10academy\week 7\Shipping a Data Product From Raw Telegram Data to an Analytical API\data\raw\images\2025-07-14\lobelia4cosmetics\18562.jpg,18562,lobelia4cosmetics,39,bottle,0.49739786982536316,"[114.98316192626953, 2.2546863555908203, 333.65869140625, 440.87774658203125]"
C:\Users\hp\Desktop\matos\tenx 10academy\week 7\Shipping a Data Product From Raw Telegram Data to an Analytical API\data\raw\images\2025-07-14\lobelia4cosmetics\18563.jpg,18563,lobelia4cosmetics,0,person,0.4068538248538971,"[182.12451171875, 363.93804931640625, 306.71710205078125, 525.449462890625]"
C:\Users\hp\Desktop\matos\tenx 10academy\week 7\Shipping a Data Product From Raw Telegram Data to an Analytical API\data\raw\images\2025-07-14\lobelia4cosmetics\18564.jpg,18564,lobelia4cosmetics,39,bottle,0.7121489644050598,"[145.69000244140625, 8.162384033203125, 406.0148620605469, 769.3882446289062]"
C:\Users\hp\Desktop\matos\tenx 10academy\week 7\Shipping a Data Product From Raw Telegram Data to an Analytical API\data\raw\images\2025-07-14\lobelia4cosmetics\18564.jpg,18564,lobelia4cosmetics,75,vase,0.4135073721408844,"[143.845458984375, 14.632644653320312, 404.5216979980469, 776.740966796875]"
C:\Users\hp\Desktop\matos\tenx 10academy\week 7\Shipping a Data Product From Raw Telegram Data to an Analytical API\data\raw\images\2025-07-14\lobelia4cosmetics\18565.jpg,18565,lobelia4cosmetics,39,bottle,0.6869127750396729,"[256.9072265625, 36.983154296875, 708.5888671875, 1238.16943359375]"
C:\Users\hp\Desktop\matos\tenx 10academy\week 7\Shipping a Data Product From Raw Telegram Data to an Analytical API\data\raw\images\2025-07-14\lobelia4cosmetics\18566.jpg,18566,lobelia4cosmetics,39,bottle,0.8489181995391846,"[249.81878662109375, 38.364013671875, 688.9873657226562, 1162.70166015625]"
C:\Users\hp\Desktop\matos\tenx 10academy\week 7\Shipping a Data Product From Raw Telegram Data to an Analytical API\data\raw\images\2025-07-14\lobelia4cosmetics\18567.jpg,18567,lobelia4cosmetics,39,bottle,0.9307640790939331,"[270.150146484375, 4.8634033203125, 727.2767333984375, 1196.6884765625]"
C:\Users\hp\Desktop\matos\tenx 10academy\week 7\Shipping a Data Product From Raw Telegram Data to an Analytical API\data\raw\images\2025-07-14\lobelia4cosmetics\18568.jpg,18568,lobelia4cosmetics,73,book,0.2753829061985016,"[204.39111328125, 73.2872314453125, 930.000244140625, 1277.373779296875]"
C:\Users\hp\Desktop\matos\tenx 10academy\week 7\Shipping a Data Product From Raw Telegram Data to an Analytical API\data\raw\images\2025-07-14\lobelia4cosmetics\18570.jpg,18570,lobelia4cosmetics,39,bottle,0.8006820678710938,"[270.51751708984375, 106.64511108398438, 417.2012939453125, 515.5501708984375]"
C:\Users\hp\Desktop\matos\tenx 10academy\week 7\Shipping a Data Product From Raw Telegram Data to an Analytical API\data\raw\images\2025-07-14\tikvahpharma\172525.jpg,172525,tikvahpharma,62,tv,0.6119052767753601,"[1058.5257568359375, 415.60986328125, 1240.1153564453125, 535.3275146484375]"
C:\Users\hp\Desktop\matos\tenx 10academy\week 7\Shipping a Data Product From Raw Telegram Data to an Analytical API\data\raw\images\2025-07-14\tikvahpharma\172525.jpg,172525,tikvahpharma,39,bottle,0.5699442625045776,"[61.09247589111328, 455.1256103515625, 100.97772979736328, 571.8162841796875]"
C:\Users\hp\Desktop\matos\tenx 10academy\week 7\Shipping a Data Product From Raw Telegram Data to an Analytical API\data\raw\images\2025-07-14\tikvahpharma\172525.jpg,172525,tikvahpharma,39,bottle,0.29515591263771057,"[94.78392028808594, 456.29986572265625, 132.00372314453125, 572.0907592773438]"
C:\Users\hp\Desktop\matos\tenx 10academy\week 7\Shipping a Data Product From Raw Telegram Data to an Analytical API\data\raw\images\2025-07-14\tikvahpharma\172526.jpg,172526,tikvahpharma,39,bottle,0.9094381332397461,"[429.56304931640625, 445.17462158203125, 592.286376953125, 797.6734619140625]"
C:\Users\hp\Desktop\matos\tenx 10academy\week 7\Shipping a Data Product From Raw Telegram Data to an Analytical API\data\raw\images\2025-07-14\tikvahpharma\172526.jpg,172526,tikvahpharma,39,bottle,0.3340493142604828,"[308.2450866699219, 625.9678344726562, 456.7060852050781, 799.85791015625]"
C:\Users\hp\Desktop\matos\tenx 10academy\week 7\Shipping a Data Product From Raw Telegram Data to an Analytical API\data\raw\images\2025-07-14\tikvahpharma\172527.jpg,172527,tikvahpharma,39,bottle,0.338358074426651,"[337.91107177734375, 463.51837158203125, 363.83502197265625, 527.3433227539062]"
C:\Users\hp\Desktop\matos\tenx 10academy\week 7\Shipping a Data Product From Raw Telegram Data to an Analytical API\data\raw\images\2025-07-14\tikvahpharma\172527.jpg,172527,tikvahpharma,39,bottle,0.28021326661109924,"[480.18768310546875, 381.4813232421875, 508.67413330078125, 448.1658935546875]"
C:\Users\hp\Desktop\matos\tenx 10academy\week 7\Shipping a Data Product From Raw Telegram Data to an Analytical API\data\raw\images\2025-07-14\tikvahpharma\172531.jpg,172531,tikvahpharma,0,person,0.8475940823554993,"[518.0006103515625, 17.8753662109375, 628.6153564453125, 371.83953857421875]"
C:\Users\hp\Desktop\matos\tenx 10academy\week 7\Shipping a Data Product From Raw Telegram Data to an Analytical API\data\raw\images\2025-07-14\tikvahpharma\172531.jpg,172531,tikvahpharma,0,person,0.8144659399986267,"[48.00019836425781, 0.0, 216.00933837890625, 371.7065124511719]"
C:\Users\hp\Desktop\matos\tenx 10academy\week 7\Shipping a Data Product From Raw Telegram Data to an Analytical API\data\raw\images\2025-07-14\tikvahpharma\172531.jpg,172531,tikvahpharma,0,person,0.797095537185669,"[182.4129638671875, 42.971099853515625, 299.0545654296875, 373.77691650390625]"
C:\Users\hp\Desktop\matos\tenx 10academy\week 7\Shipping a Data Product From Raw Telegram Data to an Analytical API\data\raw\images\2025-07-14\tikvahpharma\172531.jpg,172531,tikvahpharma,0,person,0.7647475600242615,"[303.6505432128906, 40.7216796875, 422.0164794921875, 372.7626953125]"
C:\Users\hp\Desktop\matos\tenx 10academy\week 7\Shipping a Data Product From Raw Telegram Data to an Analytical API\data\raw\images\2025-07-14\tikvahpharma\172531.jpg,172531,tikvahpharma,0,person,0.7089282870292664,"[0.331939697265625, 33.5977783203125, 76.0958251953125, 370.274169921875]"
C:\Users\hp\Desktop\matos\tenx 10academy\week 7\Shipping a Data Product From Raw Telegram Data to an Analytical API\data\raw\images\2025-07-14\tikvahpharma\172531.jpg,172531,tikvahpharma,62,tv,0.7072736620903015,"[669.1246337890625, 767.2176513671875, 897.2197265625, 980.6170654296875]"
C:\Users\hp\Desktop\matos\tenx 10academy\week 7\Shipping a Data Product From Raw Telegram Data to an Analytical API\data\raw\images\2025-07-14\tikvahpharma\172531.jpg,172531,tikvahpharma,0,person,0.6830417513847351,"[603.57421875, 50.039093017578125, 724.528076171875, 367.8856201171875]"
C:\Users\hp\Desktop\matos\tenx 10academy\week 7\Shipping a Data Product From Raw Telegram Data to an Analytical API\data\raw\images\2025-07-14\tikvahpharma\172531.jpg,172531,tikvahpharma,0,person,0.6809365153312683,"[266.53759765625, 46.28369140625, 339.8438720703125, 372.65081787109375]"
C:\Users\hp\Desktop\matos\tenx 10academy\week 7\Shipping a Data Product From Raw Telegram Data to an Analytical API\data\raw\images\2025-07-14\tikvahpharma\172531.jpg,172531,tikvahpharma,0,person,0.6695043444633484,"[418.5838623046875, 28.64599609375, 532.9730224609375, 374.5544738769531]"
C:\Users\hp\Desktop\matos\tenx 10academy\week 7\Shipping a Data Product From Raw Telegram Data to an Analytical API\data\raw\images\2025-07-14\tikvahpharma\172531.jpg,172531,tikvahpharma,0,person,0.531996488571167,"[404.122802734375, 30.52484130859375, 491.314453125, 372.48272705078125]"
C:\Users\hp\Desktop\matos\tenx 10academy\week 7\Shipping a Data Product From Raw Telegram Data to an Analytical API\data\raw\images\2025-07-14\tikvahpharma\172531.jpg,172531,tikvahpharma,0,person,0.49863770604133606,"[453.243408203125, 36.107208251953125, 539.230712890625, 371.6977233886719]"
C:\Users\hp\Desktop\matos\tenx 10academy\week 7\Shipping a Data Product From Raw Telegram Data to an Analytical API\data\raw\images\2025-07-14\tikvahpharma\172531.jpg,172531,tikvahpharma,0,person,0.42952945828437805,"[486.0533447265625, 40.60085678100586, 535.1688232421875, 126.400146484375]"
C:\Users\hp\Desktop\matos\tenx 10academy\week 7\Shipping a Data Product From Raw Telegram Data to an Analytical API\data\raw\images\2025-07-14\tikvahpharma\172531.jpg,172531,tikvahpharma,0,person,0.4223511219024658,"[609.0826416015625, 260.30548095703125, 895.8194580078125, 647.3099365234375]"
C:\Users\hp\Desktop\matos\tenx 10academy\week 7\Shipping a Data Product From Raw Telegram Data to an Analytical API\data\raw\images\2025-07-14\tikvahpharma\172531.jpg,172531,tikvahpharma,0,person,0.41466572880744934,"[737.778564453125, 47.38258361816406, 858.77587890625, 176.5369873046875]"
C:\Users\hp\Desktop\matos\tenx 10academy\week 7\Shipping a Data Product From Raw Telegram Data to an Analytical API\data\raw\images\2025-07-14\tikvahpharma\172531.jpg,172531,tikvahpharma,0,person,0.3769966661930084,"[818.1104736328125, 1.245758056640625, 904.0, 168.78424072265625]"
C:\Users\hp\Desktop\matos\tenx 10academy\week 7\Shipping a Data Product From Raw Telegram Data to an Analytical API\data\raw\images\2025-07-14\tikvahpharma\172531.jpg,172531,tikvahpharma,0,person,0.3769579529762268,"[0.0, 35.419921875, 115.13839721679688, 369.10980224609375]"
C:\Users\hp\Desktop\matos\tenx 10academy\week 7\Shipping a Data Product From Raw Telegram Data to an Analytical API\data\raw\images\2025-07-14\tikvahpharma\172531.jpg,172531,tikvahpharma,0,person,0.32935166358947754,"[710.4420776367188, 60.76901626586914, 774.5623168945312, 181.20541381835938]"
C:\Users\hp\Desktop\matos\tenx 10academy\week 7\Shipping a Data Product From Raw Telegram Data to an Analytical API\data\raw\images\2025-07-14\tikvahpharma\172531.jpg,172531,tikvahpharma,0,person,0.3101230561733246,"[611.271728515625, 50.8089599609375, 726.188720703125, 199.50283813476562]"
C:\Users\hp\Desktop\matos\tenx 10academy\week 7\Shipping a Data Product From Raw Telegram Data to an Analytical API\data\raw\images\2025-07-14\tikvahpharma\172531.jpg,172531,tikvahpharma,0,person,0.28755131363868713,"[812.2271728515625, 2.9556884765625, 904.0, 283.07037353515625]"
C:\Users\hp\Desktop\matos\tenx 10academy\week 7\Shipping a Data Product From Raw Telegram Data to an Analytical API\data\raw\images\2025-07-14\tikvahpharma\172531.jpg,172531,tikvahpharma,0,person,0.27630293369293213,"[707.739501953125, 59.706031799316406, 772.54638671875, 290.2938537597656]"
C:\Users\hp\Desktop\matos\tenx 10academy\week 7\Shipping a Data Product From Raw Telegram Data to an Analytical API\data\raw\images\2025-07-14\tikvahpharma\172531.jpg,172531,tikvahpharma,0,person,0.2552015483379364,"[851.484375, 2.4889984130859375, 904.0, 174.04693603515625]"
C:\Users\hp\Desktop\matos\tenx 10academy\week 7\Shipping a Data Product From Raw Telegram Data to an Analytical API\data\raw\images\2025-07-14\tikvahpharma\172566.jpg,172566,tikvahpharma,62,tv,0.6476678848266602,"[35.938873291015625, 57.618446350097656, 486.38262939453125, 468.0541076660156]"
C:\Users\hp\Desktop\matos\tenx 10academy\week 7\Shipping a Data Product From Raw Telegram Data to an Analytical API\data\raw\images\2025-07-14\tikvahpharma\172604.jpg,172604,tikvahpharma,73,book,0.5108131170272827,"[50.20428466796875, 63.462646484375, 784.8837280273438, 1247.98095703125]"
C:\Users\hp\Desktop\matos\tenx 10academy\week 7\Shipping a Data Product From Raw Telegram Data to an Analytical API\data\raw\images\2025-07-14\tikvahpharma\172604.jpg,172604,tikvahpharma,60,dining table,0.33506670594215393,"[0.0, 2.9461669921875, 960.0, 1166.5322265625]"
C:\Users\hp\Desktop\matos\tenx 10academy\week 7\Shipping a Data Product From Raw Telegram Data to an Analytical API\data\raw\images\2025-07-14\tikvahpharma\172631.jpg,172631,tikvahpharma,33,kite,0.6000543832778931,"[161.40228271484375, 87.65678405761719, 638.5503540039062, 554.72412109375]"
C:\Users\hp\Desktop\matos\tenx 10academy\week 7\Shipping a Data Product From Raw Telegram Data to an Analytical API\data\raw\images\2025-07-14\tikvahpharma\172631.jpg,172631,tikvahpharma,74,clock,0.2818912863731384,"[152.16970825195312, 73.84532928466797, 638.198486328125, 558.7310180664062]"
C:\Users\hp\Desktop\matos\tenx 10academy\week 7\Shipping a Data Product From Raw Telegram Data to an Analytical API\data\raw\images\2025-07-14\tikvahpharma\172646.jpg,172646,tikvahpharma,74,clock,0.4268075227737427,"[63.7730712890625, 62.48780059814453, 242.11614990234375, 245.00897216796875]"
C:\Users\hp\Desktop\matos\tenx 10academy\week 7\Shipping a Data Product From Raw Telegram Data to an Analytical API\data\raw\images\2025-07-15\lobelia4cosmetics\18572.jpg,18572,lobelia4cosmetics,39,bottle,0.47511228919029236,"[151.95941162109375, 26.680681228637695, 402.515869140625, 528.0278930664062]"
C:\Users\hp\Desktop\matos\tenx 10academy\week 7\Shipping a Data Product From Raw Telegram Data to an Analytical API\data\raw\images\2025-07-15\lobelia4cosmetics\18573.jpg,18573,lobelia4cosmetics,39,bottle,0.5791763663291931,"[158.8509063720703, 6.463339805603027, 516.116943359375, 668.5074462890625]"
C:\Users\hp\Desktop\matos\tenx 10academy\week 7\Shipping a Data Product From Raw Telegram Data to an Analytical API\data\raw\images\2025-07-15\lobelia4cosmetics\18574.jpg,18574,lobelia4cosmetics,39,bottle,0.30643773078918457,"[99.2536392211914, 171.90957641601562, 267.77880859375, 609.9237060546875]"
C:\Users\hp\Desktop\matos\tenx 10academy\week 7\Shipping a Data Product From Raw Telegram Data to an Analytical API\data\raw\images\2025-07-15\lobelia4cosmetics\18574.jpg,18574,lobelia4cosmetics,73,book,0.2673909366130829,"[290.2837829589844, 12.791767120361328, 531.7767333984375, 623.268310546875]"
C:\Users\hp\Desktop\matos\tenx 10academy\week 7\Shipping a Data Product From Raw Telegram Data to an Analytical API\data\raw\images\2025-07-15\lobelia4cosmetics\18576.jpg,18576,lobelia4cosmetics,41,cup,0.5092412233352661,"[200.71791076660156, 149.10939025878906, 299.5895080566406, 263.80438232421875]"
C:\Users\hp\Desktop\matos\tenx 10academy\week 7\Shipping a Data Product From Raw Telegram Data to an Analytical API\data\raw\images\2025-07-15\lobelia4cosmetics\18576.jpg,18576,lobelia4cosmetics,73,book,0.3636932373046875,"[24.28485679626465, 8.082435607910156, 298.90625, 341.7151794433594]"
C:\Users\hp\Desktop\matos\tenx 10academy\week 7\Shipping a Data Product From Raw Telegram Data to an Analytical API\data\raw\images\2025-07-15\lobelia4cosmetics\18576.jpg,18576,lobelia4cosmetics,44,spoon,0.36313483119010925,"[224.72177124023438, 91.00238037109375, 287.4065246582031, 210.05160522460938]"
C:\Users\hp\Desktop\matos\tenx 10academy\week 7\Shipping a Data Product From Raw Telegram Data to an Analytical API\data\raw\images\2025-07-15\lobelia4cosmetics\18576.jpg,18576,lobelia4cosmetics,45,bowl,0.3002762198448181,"[200.79978942871094, 150.52488708496094, 299.5111389160156, 263.49249267578125]"
C:\Users\hp\Desktop\matos\tenx 10academy\week 7\Shipping a Data Product From Raw Telegram Data to an Analytical API\data\raw\images\2025-07-15\lobelia4cosmetics\18576.jpg,18576,lobelia4cosmetics,0,person,0.2612370550632477,"[81.41602325439453, 57.93566131591797, 133.51263427734375, 117.9073486328125]"
C:\Users\hp\Desktop\matos\tenx 10academy\week 7\Shipping a Data Product From Raw Telegram Data to an Analytical API\data\raw\images\2025-07-15\lobelia4cosmetics\18576.jpg,18576,lobelia4cosmetics,44,spoon,0.2578379809856415,"[205.12075805664062, 91.5027084350586, 289.977294921875, 238.03485107421875]"
C:\Users\hp\Desktop\matos\tenx 10academy\week 7\Shipping a Data Product From Raw Telegram Data to an Analytical API\data\raw\images\2025-07-15\lobelia4cosmetics\18577.jpg,18577,lobelia4cosmetics,73,book,0.4435158967971802,"[80.14434814453125, 67.45773315429688, 459.058837890625, 740.4412841796875]"
C:\Users\hp\Desktop\matos\tenx 10academy\week 7\Shipping a Data Product From Raw Telegram Data to an Analytical API\data\raw\images\2025-07-15\lobelia4cosmetics\18577.jpg,18577,lobelia4cosmetics,49,orange,0.43295425176620483,"[89.9352035522461, 143.01437377929688, 441.62786865234375, 285.0746765136719]"
C:\Users\hp\Desktop\matos\tenx 10academy\week 7\Shipping a Data Product From Raw Telegram Data to an Analytical API\data\raw\images\2025-07-15\lobelia4cosmetics\18578.jpg,18578,lobelia4cosmetics,76,scissors,0.7167454957962036,"[36.021331787109375, 306.6386413574219, 451.9754333496094, 1054.23193359375]"
C:\Users\hp\Desktop\matos\tenx 10academy\week 7\Shipping a Data Product From Raw Telegram Data to an Analytical API\data\raw\images\2025-07-15\lobelia4cosmetics\18578.jpg,18578,lobelia4cosmetics,74,clock,0.32637301087379456,"[372.3416748046875, 397.1690673828125, 1227.0821533203125, 869.5433349609375]"
C:\Users\hp\Desktop\matos\tenx 10academy\week 7\Shipping a Data Product From Raw Telegram Data to an Analytical API\data\raw\images\2025-07-15\lobelia4cosmetics\18578.jpg,18578,lobelia4cosmetics,74,clock,0.2616102397441864,"[244.6905517578125, 281.3107604980469, 1209.56689453125, 929.72119140625]"
C:\Users\hp\Desktop\matos\tenx 10academy\week 7\Shipping a Data Product From Raw Telegram Data to an Analytical API\data\raw\images\2025-07-15\tikvahpharma\172674.jpg,172674,tikvahpharma,14,bird,0.4024781882762909,"[122.61581420898438, 254.94822692871094, 177.34243774414062, 298.410400390625]"
C:\Users\hp\Desktop\matos\tenx 10academy\week 7\Shipping a Data Product From Raw Telegram Data to an Analytical API\data\raw\images\2025-07-15\tikvahpharma\172676.jpg,172676,tikvahpharma,0,person,0.5935226678848267,"[521.3897094726562, 432.8177795410156, 1078.87353515625, 1076.44482421875]"
